0,0.007850872,0
0.2225,0.076925854,0.0125
0.278,0.103104239,0.025
0.3325,0.122768351,0.0375
0.385,0.138867282,0.05
0.4495,0.153877966,0.0625
0.504,0.168393963,0.075
0.5605,0.181691691,0.0875
0.607,0.199885056,0.1
0.6565,0.2124319,0.1125
0.72,0.224503478,0.125
0.7925,0.235739636,0.1375
0.85,0.247423674,0.15
0.8975,0.258248671,0.1625
0.948,0.268860372,0.175
0.9965,0.27920772,0.1875
1.043,0.288971921,0.2
1.0935,0.298823101,0.2125
1.141,0.308483586,0.225
1.1955,0.317493123,0.2375
1.248,0.326253597,0.25
1.2965,0.334720345,0.2625
1.348,0.343600647,0.275
1.3995,0.352183596,0.2875
1.451,0.360845347,0.3
1.5015,0.369202997,0.3125
1.552,0.377985001,0.325
1.5975,0.385721293,0.3375
1.647,0.393882997,0.35
1.6955,0.401727804,0.3625
1.745,0.409609292,0.375
1.7945,0.417924727,0.3875
1.841,0.426318661,0.4
1.8905,0.434020985,0.4125
1.94,0.442534769,0.425
1.9885,0.451129887,0.4375
2.038,0.459353397,0.45
2.0925,0.467241195,0.4625
2.156,0.475166891,0.475
2.2375,0.483169208,0.4875
2.301,0.491210253,0.5
2.3505,0.499329602,0.5125
2.401,0.507448951,0.525
2.4525,0.515647753,0.5375
2.503,0.523886721,0.55
2.5565,0.532166149,0.5625
2.612,0.540089328,0.575
2.6635,0.548091095,0.5875
2.724,0.555690071,0.6
2.7735,0.562920109,0.6125
2.828,0.570671902,0.625
2.8835,0.577527318,0.6375
2.94,0.583970023,0.65
2.9925,0.590445034,0.6625
3.046,0.596985389,0.675
3.0955,0.603558788,0.6875
3.15,0.609284077,0.7
3.2025,0.615465664,0.7125
3.25,0.621249316,0.725
3.3045,0.627525911,0.7375
3.353,0.633834663,0.75
3.4085,0.640175819,0.7625
3.463,0.646109342,0.775
3.5145,0.652516061,0.7875
3.57,0.658955943,0.8
3.6385,0.664054673,0.8125
3.706,0.670527977,0.825
3.7555,0.677482008,0.8375
3.806,0.684472272,0.85
3.8555,0.691047416,0.8625
3.906,0.697168603,0.875
3.9575,0.703289789,0.8875
4.013,0.709934169,0.9
4.0605,0.716613576,0.9125
4.112,0.722368524,0.925
4.1645,0.727657631,0.9375
4.212,0.732974803,0.95
4.2615,0.738320263,0.9625
4.307,0.742693513,0.975
4.3615,0.74709009,0.9875
4.416,0.751486668,1
4.4685,0.755405048,1.0125
4.522,0.759848843,1.025
4.5745,0.763809361,1.0375
4.625,0.76830114,1.05
4.6775,0.772792918,1.0625
4.731,0.777797419,1.075
4.7795,0.782337961,1.0875
4.825,0.786903185,1.1
4.8755,0.791989628,1.1125
4.926,0.797600173,1.125
4.9805,0.802190278,1.1375
5.038,0.80680547,1.15
5.1225,0.811919676,1.1625
5.2,0.817591803,1.175
5.2485,0.823263931,1.1875
5.304,0.828936058,1.2
5.3555,0.834670788,1.2125
5.414,0.839869658,1.225
5.4665,0.845126143,1.2375
5.518,0.850382628,1.25
5.5675,0.855668281,1.2625
5.617,0.860983344,1.275
5.6685,0.8652351,1.2875
5.722,0.868965635,1.3
5.7755,0.87163018,1.3125
5.83,0.875905658,1.325
5.8795,0.880756185,1.3375
5.932,0.885606712,1.35
5.9865,0.889400304,1.3625
6.036,0.893193895,1.375
6.0835,0.896987486,1.3875
6.13,0.900824008,1.4
6.1785,0.905756992,1.4125
6.227,0.909615252,1.425
6.2785,0.913473512,1.4375
6.327,0.917353696,1.45
6.3755,0.921255992,1.4625
6.422,0.925136176,1.475
6.4775,0.929583414,1.4875
6.589,0.934572544,1.5
6.6465,0.939045162,1.5125
6.701,0.942992252,1.525
6.7545,0.946939341,1.5375
6.804,0.95088643,1.55
6.8525,0.954833519,1.5625
6.903,0.958780609,1.575
6.9565,0.962192968,1.5875
7.006,0.965625025,1.6
7.0595,0.968476782,1.6125
7.112,0.97132854,1.625
7.1615,0.973616483,1.6375
7.218,0.97591767,1.65
7.2685,0.978785912,1.6625
7.325,0.9810871,1.675
7.3795,0.984559067,1.6875
7.435,0.987460711,1.7
7.4865,0.989788735,1.7125
7.54,0.99211676,1.725
7.5915,0.995035324,1.7375
7.642,0.997953888,1.75
7.6935,1.000872452,1.7625
7.742,1.003214071,1.775
7.7955,1.006166922,1.7875
7.847,1.009102555,1.8
7.8975,1.012038187,1.8125
7.997,1.015571338,1.825
8.0815,1.01852419,1.8375
8.14,1.021477041,1.85
8.2035,1.024429892,1.8625
8.259,1.026211964,1.875
8.3145,1.02980793,1.8875
8.366,1.032191055,1.9
8.4115,1.033973127,1.9125
8.461,1.035164659,1.925
8.5105,1.038170085,1.9375
8.558,1.03996267,1.95
8.6095,1.041755256,1.9625
8.671,1.04296093,1.975
8.7365,1.044159502,1.9875
8.785,1.046570915,2
8.8355,1.047776589,2.0125
8.893,1.048982264,2.025
8.9495,1.050187939,2.0375
9.006,1.052001833,2.05
9.0625,1.053815727,2.0625
9.11,1.053815727,2.075
9.1615,1.055028568,2.0875
9.208,1.057454313,2.1
9.2585,1.060495573,2.1125
9.308,1.061722939,2.125
9.3735,1.064163145,2.1375
9.458,1.066603351,2.15
9.5175,1.068438937,2.1625
9.57,1.070879143,2.175
9.6215,1.072106509,2.1875
9.673,1.074561306,2.2
9.7285,1.076396891,2.2125
9.785,1.078232476,2.225
9.8345,1.080079054,2.2375
9.883,1.081925631,2.25
9.9335,1.083152996,2.2625
9.984,1.084999573,2.275
10.0365,1.0862343,2.2875
10.087,1.086853511,2.3
10.1355,1.088095664,2.3125
10.183,1.089337818,2.325
10.2295,1.091206676,2.3375
10.283,1.09244883,2.35
10.3365,1.093690983,2.3625
10.39,1.094933136,2.375
10.4385,1.096182783,2.3875
10.489,1.097424936,2.4
10.5415,1.09866709,2.4125
10.591,1.099916737,2.425
10.6395,1.101166384,2.4375
10.686,1.103035243,2.45
10.7345,1.104284891,2.4625
10.79,1.105534538,2.475
10.8605,1.107414689,2.4875
10.928,1.108041395,2.5
10.9775,1.109298605,2.5125
11.027,1.11120165,2.525
11.0825,1.113093196,2.5375
11.129,1.114984743,2.55
11.1785,1.116241952,2.5625
11.233,1.116872456,2.575
11.2855,1.118129666,2.5875
11.334,1.120021212,2.6
11.3895,1.121286053,2.6125
11.439,1.122550893,2.625
11.4855,1.123815734,2.6375
11.54,1.125080575,2.65
11.5985,1.126345415,2.6625
11.651,1.126979752,2.675
11.7055,1.128882797,2.6875
11.758,1.129517134,2.7
11.8145,1.128878929,2.7125
11.863,1.129517134,2.725
11.9125,1.129517134,2.7375
11.961,1.130151471,2.75
12.0105,1.130785808,2.7625
12.063,1.131420144,2.775
12.1135,1.131420144,2.7875
12.166,1.131420144,2.8
12.2165,1.131420144,2.8125
12.334,1.131420144,2.825
12.3965,1.131420144,2.8375
12.445,1.131420144,2.85
12.4935,1.131420144,2.8625
12.544,1.129517099,2.875
12.5925,1.128882762,2.8875
12.642,1.128248425,2.9
12.6965,1.126975884,2.9125
12.751,1.126341547,2.925
12.8025,1.126341547,2.9375
12.87,1.126341547,2.95
12.9195,1.125707211,2.9625
12.972,1.125072874,2.975
13.0205,1.125072874,2.9875
13.0525,1.125072874,2.9835
13.0885,1.125072874,2.9795
13.1285,1.124438537,2.9755
13.1605,1.124438537,2.9715
13.1945,1.125076742,2.9675
13.2275,1.126979787,2.9635
13.2625,1.127614124,2.9595
13.2965,1.128248461,2.9555
13.3275,1.128248461,2.9515
13.3655,1.129521002,2.9475
13.3985,1.130159207,2.9435
13.4315,1.130797411,2.9395
13.4785,1.132069953,2.9355
13.5375,1.133342494,2.9315
13.5825,1.133980699,2.9275
13.6285,1.133980699,2.9235
13.6655,1.133980699,2.9195
13.7035,1.133980699,2.9155
13.7405,1.133346362,2.9115
13.7775,1.132708157,2.9075
13.8145,1.132069953,2.9035
13.8475,1.131435616,2.8995
13.8845,1.131435616,2.8955
13.9285,1.131435616,2.8915
13.9585,1.130797411,2.8875
13.9935,1.130159207,2.8835
14.0265,1.129521002,2.8795
14.0655,1.128248461,2.8755
14.1065,1.128248461,2.8715
14.1385,1.127610256,2.8675
14.1755,1.127610256,2.8635
14.2075,1.127610256,2.8595
14.2425,1.128882797,2.8555
14.2735,1.129517134,2.8515
14.3085,1.129517134,2.8475
14.3435,1.130155339,2.8435
14.3805,1.130789675,2.8395
14.4175,1.130155339,2.8355
14.4515,1.130155339,2.8315
14.5435,1.128890498,2.8275
14.5905,1.128256161,2.8235
14.6255,1.128256161,2.8195
14.6625,1.128256161,2.8155
14.6965,1.12698362,2.8115
14.7285,1.126349283,2.8075
14.7615,1.126349283,2.8035
14.7955,1.126349283,2.7995
14.8305,1.125711078,2.7955
14.8605,1.125076742,2.7915
14.8945,1.123811901,2.7875
14.9275,1.12253936,2.7835
14.9595,1.12253936,2.7795
14.9925,1.12253936,2.7755
15.0295,1.121908856,2.7715
15.0655,1.121908856,2.7675
15.0955,1.121278352,2.7635
15.1295,1.120013511,2.7595
15.1615,1.118756302,2.7555
15.1995,1.118125798,2.7515
15.2395,1.117495294,2.7475
15.2745,1.116230453,2.7435
15.3255,1.114965613,2.7395
15.3705,1.113074066,2.7355
15.4025,1.112443562,2.7315
15.4425,1.112443562,2.7275
15.4885,1.111186353,2.7235
15.5475,1.109294806,2.7195
15.5945,1.108037597,2.7155
15.6395,1.106787949,2.7115
15.6805,1.106161244,2.7075
15.7175,1.104911596,2.7035
15.7715,1.104284891,2.6995
15.8105,1.103661949,2.6955
15.8625,1.103035243,2.6915
15.8995,1.103035243,2.6875
15.9395,1.101785596,2.6835
15.9785,1.10115889,2.6795
16.0135,1.10115889,2.6755
16.0565,1.100532185,2.6715
16.0925,1.099282537,2.6675
16.1255,1.098659595,2.6635
16.1595,1.098036654,2.6595
16.1925,1.097413712,2.6555
16.2305,1.097413712,2.6515
16.2605,1.097413712,2.6475
16.2985,1.098036654,2.6435
16.3345,1.097413712,2.6395
16.3675,1.097413712,2.6355
16.4045,1.09679077,2.6315
16.4385,1.094921912,2.6275
16.4735,1.094921912,2.6235
16.5385,1.09429897,2.6195
16.5895,1.093676028,2.6155
16.6225,1.09181836,2.6115
16.6555,1.09181836,2.6075
16.6925,1.091199149,2.6035
16.7255,1.090579937,2.5995
16.7615,1.090579937,2.5955
16.7995,1.089960726,2.5915
16.8385,1.088718573,2.5875
16.8745,1.086860905,2.5835
16.9135,1.085626179,2.5795
16.9475,1.083779601,2.5755
16.9835,1.08316039,2.5715
17.0175,1.082544875,2.5675
17.0525,1.081310149,2.5635
17.0885,1.079463572,2.5595
17.1245,1.078228846,2.5555
17.1555,1.078228846,2.5515
17.1935,1.076994119,2.5475
17.2455,1.075766754,2.5435
17.2925,1.073931168,2.5395
17.3255,1.072084591,2.5355
17.3605,1.070857226,2.5315
17.4005,1.06962986,2.5275
17.4345,1.069018009,2.5235
17.4775,1.068406158,2.5195
17.5655,1.069018009,2.5155
17.6085,1.067790643,2.5115
17.6465,1.067178792,2.5075
17.6815,1.066566941,2.5035
17.7155,1.065958722,2.4995
17.7505,1.064738651,2.4955
17.7845,1.06351858,2.4915
17.8165,1.06229851,2.4875
17.8515,1.06169029,2.4835
17.8875,1.061085669,2.4795
17.9235,1.059872828,2.4755
17.9685,1.059264609,2.4715
18.0045,1.058656389,2.4675
18.0485,1.058048169,2.4635
18.0835,1.056835328,2.4595
18.1205,1.056223478,2.4555
18.1535,1.055010637,2.4515
18.1885,1.055010637,2.4475
18.2205,1.053797796,2.4435
18.2535,1.052592122,2.4395
18.2845,1.051386447,2.4355
18.3195,1.050781826,2.4315
18.3585,1.050177205,2.4275
18.3955,1.048971531,2.4235
18.4395,1.048370477,2.4195
18.4785,1.047769423,2.4155
18.5335,1.045966231,2.4115
18.5935,1.044760556,2.4075
18.6265,1.043554881,2.4035
18.6635,1.04235631,2.3995
18.7035,1.041143469,2.3955
18.7355,1.040542415,2.3915
18.7745,1.038131003,2.3875
18.8105,1.036338417,2.3835
18.8475,1.035146885,2.3795
18.8975,1.034549367,2.3755
18.9315,1.032756782,2.3715
18.9665,1.03155821,2.3675
19.0035,1.030960692,2.3635
19.0425,1.030363174,2.3595
19.0805,1.029765655,2.3555
19.1185,1.029171642,2.3515
19.1515,1.028574124,2.3475
19.1905,1.027382592,2.3435
19.2255,1.026788578,2.3395
19.2595,1.024995993,2.3355
19.2915,1.023804461,2.3315
19.3235,1.023804461,2.3275
19.3595,1.023804461,2.3235
19.3885,1.023213921,2.3195
19.4235,1.022619907,2.3155
19.4555,1.022029367,2.3115
19.4905,1.020844814,2.3075
19.5415,1.01966026,2.3035
19.5935,1.019066247,2.2995
19.6245,1.017881693,2.2955
19.6625,1.016704057,2.2915
19.7005,1.014932407,2.2875
19.7355,1.013754771,2.2835
19.7665,1.012577134,2.2795
19.8035,1.011399498,2.2755
19.8415,1.010221862,2.2715
19.8815,1.009037308,2.2675
19.9165,1.008446768,2.2635
19.9535,1.008446768,2.2595
19.9845,1.007269132,2.2555
20.0195,1.006682035,2.2515
20.0555,1.006094939,2.2475
20.0945,1.00434386,2.2435
20.1325,1.00258254,2.2395
20.1705,1.000831461,2.2355
20.2075,1.000247778,2.2315
20.2435,0.999664095,2.2275
20.2845,0.999080412,2.2235
20.3235,0.998496729,2.2195
20.3575,0.997913045,2.2155
20.3945,0.996749063,2.2115
20.4245,0.995578283,2.2075
20.4615,0.994991187,2.2035
20.5045,0.993820407,2.1995
20.5555,0.992656424,2.1955
20.6025,0.990915497,2.1915
20.6395,0.989174569,2.1875
20.6745,0.988024004,2.1835
20.7105,0.987443704,2.1795
20.7405,0.986866759,2.1755
20.7735,0.985709515,2.1715
20.8065,0.985129215,2.1675
20.8435,0.984548916,2.1635
20.8775,0.983391671,2.1595
20.9135,0.982234427,2.1555
20.9475,0.981657481,2.1515
20.9845,0.980500237,2.1475
21.0175,0.978185689,2.1435
21.0555,0.976454825,2.1395
21.0885,0.97530426,2.1355
21.1215,0.97473064,2.1315
21.1555,0.973586697,2.1275
21.1975,0.974160317,2.1235
21.2365,0.972439429,2.1195
21.2705,0.970728431,2.1155
21.3055,0.969017433,2.1115
21.3415,0.966165676,2.1075
21.3745,0.963877733,2.1035
21.4055,0.96273379,2.0995
21.4405,0.961022792,2.0955
21.4765,0.959311795,2.0915
21.5695,0.957600797,2.0875
21.6275,0.956463419,2.0835
21.6615,0.955326041,2.0795
21.6935,0.954755718,2.0755
21.7265,0.95361834,2.0715
21.7615,0.953051285,2.0675
21.7985,0.950776473,2.0635
21.8285,0.949645604,2.0595
21.8625,0.949081789,2.0555
21.9025,0.948517975,2.0515
21.9365,0.948517975,2.0475
21.9685,0.94795416,2.0435
22.0055,0.946823291,2.0395
22.0545,0.946259476,2.0355
22.0865,0.94513506,2.0315
22.1265,0.943453227,2.0275
22.1615,0.942889412,2.0235
22.1965,0.941764996,2.0195
22.2445,0.940634127,2.0155
22.2775,0.93950971,2.0115
22.3105,0.938385294,2.0075
22.3445,0.937267275,2.0035
22.3745,0.936149257,1.9995
22.4105,0.93447698,1.9955
22.4445,0.933358961,1.9915
22.4805,0.932240943,1.9875
22.5495,0.930568666,1.9835
22.6185,0.929450647,1.9795
22.6555,0.92777837,1.9755
22.6875,0.926666695,1.9715
22.7225,0.926112437,1.9675
22.7575,0.92444016,1.9635
22.7915,0.923328485,1.9595
22.8225,0.921656208,1.9555
22.8565,0.919993405,1.9515
22.8925,0.918330603,1.9475
22.9295,0.917776345,1.9435
22.9625,0.917222086,1.9395
22.9955,0.916670959,1.9355
23.0365,0.915565574,1.9315
23.0695,0.913912166,1.9275
23.1085,0.913361039,1.9235
23.1465,0.912255653,1.9195
23.1835,0.911704526,1.9155
23.2235,0.910605377,1.9115
23.2595,0.909506228,1.9075
23.2975,0.907862135,1.9035
23.3315,0.906762986,1.8995
23.3745,0.906211859,1.8955
23.4075,0.905118894,1.8915
23.4375,0.904025928,1.8875
23.4725,0.902381835,1.8835
23.5085,0.900737743,1.8795
23.5765,0.899102887,1.8755
23.6285,0.897468031,1.8715
23.6605,0.896923088,1.8675
23.6955,0.895288232,1.8635
23.7265,0.893653376,1.8595
23.7635,0.89201852,1.8555
23.7985,0.890392823,1.8515
23.8375,0.888767126,1.8475
23.8685,0.887686372,1.8435
23.9055,0.886060676,1.8395
23.9365,0.883351095,1.8355
23.9685,0.882270342,1.8315
24.0015,0.881728451,1.8275
24.0335,0.880111837,1.8235
24.0685,0.878495222,1.8195
24.1085,0.877420498,1.8155
24.1435,0.876881635,1.8115
24.1765,0.87526502,1.8075
24.2145,0.873657412,1.8035
24.2475,0.872582687,1.7995
24.2805,0.871507963,1.7955
24.3135,0.870972102,1.7915
24.3515,0.869903357,1.7875
24.3905,0.868834612,1.7835
24.4245,0.867765866,1.7795
24.4565,0.867232982,1.7755
24.4935,0.865634305,1.7715
24.5255,0.863496765,1.7675
24.5755,0.862963881,1.7635
24.6245,0.861374061,1.7595
24.6655,0.860311245,1.7555
24.6995,0.858712568,1.7515
24.7375,0.857122748,1.7475
24.7785,0.856065812,1.7435
24.8125,0.854475992,1.7395
24.8595,0.852886172,1.7355
24.8975,0.851296352,1.7315
24.9335,0.85076642,1.7275
24.9715,0.849709485,1.7235
25.0085,0.848652549,1.7195
25.0445,0.847595613,1.7155
25.0785,0.847595613,1.7115
25.1145,0.847595613,1.7075
25.1525,0.846538677,1.7035
25.1885,0.846014577,1.6995
25.2245,0.845487573,1.6955
25.2615,0.844960568,1.6915
25.3015,0.844436468,1.6875
25.3355,0.843391147,1.6835
25.3895,0.842867046,1.6795
25.4275,0.842867046,1.6755
25.4625,0.842342946,1.6715
25.4955,0.840770621,1.6675
25.5355,0.8397253,1.6635
25.6135,0.838679978,1.6595
25.6715,0.837116292,1.6555
25.7025,0.835543967,1.6515
25.7355,0.833453277,1.6475
25.7675,0.831889591,1.6435
25.8005,0.830850006,1.6395
25.8315,0.828770788,1.6355
25.8665,0.827207102,1.6315
25.9025,0.826167516,1.6275
25.9355,0.825649152,1.6235
25.9735,0.824094034,1.6195
26.0055,0.822014816,1.6155
26.0425,0.820459698,1.6115
26.0795,0.819941333,1.6075
26.1175,0.819422969,1.6035
26.1495,0.818389072,1.5995
26.1855,0.81787354,1.5955
26.2175,0.817355175,1.5915
26.2555,0.816839643,1.5875
26.2885,0.815811388,1.5835
26.3265,0.814783133,1.5795
26.3625,0.81427041,1.5755
26.3955,0.813242155,1.5715
26.4275,0.812726623,1.5675
26.4615,0.811698368,1.5635
26.4895,0.810675709,1.5595
26.5255,0.80965305,1.5555
26.5595,0.808630392,1.5515
26.6295,0.8070922,1.5475
26.6835,0.805046837,1.5435
26.7155,0.804024178,1.5395
26.7495,0.803001519,1.5355
26.7865,0.801973264,1.5315
26.8175,0.800950606,1.5275
26.8555,0.799933497,1.5235
26.8865,0.798411958,1.5195
26.9235,0.797394849,1.5155
26.9715,0.796377741,1.5115
27.0085,0.795355082,1.5075
27.0445,0.794337973,1.5035
27.0815,0.79332637,1.4995
27.1135,0.792314767,1.4955
27.1465,0.790801452,1.4915
27.1795,0.789789849,1.4875
27.2115,0.789285419,1.4835
27.2455,0.787772104,1.4795
27.2765,0.786258789,1.4755
27.3065,0.784235538,1.4715
27.3415,0.783223935,1.4675
27.3715,0.782719504,1.4635
27.4055,0.783223935,1.4595
27.4385,0.782217793,1.4555
27.4705,0.781713362,1.4515
27.5035,0.780200047,1.4475
27.5365,0.778694891,1.4435
27.5735,0.777694165,1.4395
27.6455,0.77669344,1.4355
27.6965,0.776194425,1.4315
27.7295,0.774697361,1.4275
27.7635,0.773696636,1.4235
27.7995,0.773197621,1.4195
27.8355,0.772202269,1.4155
27.8725,0.771703255,1.4115
27.9075,0.770702529,1.4075
27.9435,0.769205465,1.4035
27.9805,0.76720397,1.3995
28.0185,0.766208617,1.3955
28.0545,0.764711553,1.3915
28.0935,0.7637162,1.3875
28.1305,0.762726178,1.3835
28.1655,0.762229839,1.3795
28.1975,0.761239817,1.3755
28.2295,0.760249794,1.3715
28.2635,0.75975611,1.3675
28.3005,0.758275036,1.3635
28.3335,0.757285013,1.3595
28.3715,0.756791329,1.3555
28.4085,0.755310255,1.3515
28.4405,0.753829181,1.3475
28.4745,0.752844445,1.3435
28.5095,0.752350761,1.3395
28.5495,0.751366025,1.3355
28.5935,0.749407002,1.3315
28.6475,0.748422267,1.3275
28.6965,0.747442776,1.3235
28.7325,0.745969601,1.3195
28.7705,0.744504263,1.3155
28.8065,0.743038924,1.3115
28.8355,0.741573585,1.3075
28.8685,0.74011602,1.3035
28.8995,0.738650682,1.2995
28.9365,0.737185343,1.2955
28.9695,0.736211056,1.2915
29.0055,0.735236768,1.2875
29.0415,0.734262481,1.2835
29.0775,0.732313865,1.2795
29.1145,0.7308563,1.2755
29.1535,0.730373022,1.2715
29.1865,0.728915457,1.2675
29.2255,0.727946332,1.2635
29.2615,0.726496479,1.2595
29.2945,0.725532474,1.2555
29.3335,0.72456847,1.2515
29.3685,0.723604465,1.2475
29.4065,0.723123738,1.2435
29.4395,0.721681536,1.2395
29.4755,0.720717531,1.2355
29.5115,0.719753527,1.2315
29.5465,0.718789522,1.2275
29.6015,0.717825517,1.2235
29.6595,0.716390906,1.2195
29.7255,0.715431982,1.2155
29.7585,0.713997371,1.2115
29.7945,0.71256276,1.2075
29.8335,0.711128149,1.2035
29.8645,0.710174265,1.1995
29.9015,0.709220381,1.1955
29.9335,0.708266497,1.1915
29.9755,0.707312613,1.1875
30.0095,0.706358729,1.1835
30.0435,0.705883042,1.1795
30.0815,0.704455962,1.1755
30.1115,0.703502078,1.1715
30.1485,0.702074998,1.1675
30.1855,0.700647918,1.1635
30.2185,0.699703996,1.1595
30.2555,0.698284387,1.1555
30.2925,0.697340466,1.1515
30.3255,0.696396544,1.1475
30.3585,0.695923348,1.1435
30.3915,0.694979426,1.1395
30.4305,0.694035504,1.1355
30.4705,0.693091583,1.1315
30.5085,0.691679387,1.1275
30.5375,0.690267192,1.1235
30.5715,0.688854997,1.1195
30.6725,0.687915998,1.1155
30.7325,0.686503802,1.1115
30.7735,0.685098962,1.1075
30.8045,0.684159963,1.1035
30.8395,0.68369169,1.0995
30.8755,0.683223416,1.0955
30.9125,0.682289301,1.0915
30.9495,0.681821028,1.0875
30.9885,0.680416188,1.0835
31.0225,0.679482073,1.0795
31.0555,0.678547958,1.0755
31.0895,0.677150416,1.0715
31.1245,0.676684575,1.0675
31.1705,0.676218734,1.0635
31.2045,0.675752893,1.0595
31.2415,0.675287052,1.0555
31.2805,0.674357784,1.0515
31.3215,0.673894356,1.0475
31.3665,0.672504055,1.0435
31.4075,0.671574787,1.0395
31.4425,0.670184486,1.0355
31.4755,0.669260027,1.0315
31.5145,0.667869726,1.0275
31.5515,0.666945266,1.0235
31.5875,0.666020806,1.0195
31.6445,0.665096346,1.0155
31.6955,0.664176658,1.0115
31.7295,0.663252198,1.0075
31.7585,0.661869083,1.0035
31.7925,0.660944623,0.9995
31.8295,0.660020163,0.9955
31.8665,0.659100475,0.9915
31.9025,0.658180786,0.9875
31.9335,0.65772213,0.9835
31.9675,0.656802442,0.9795
31.9995,0.655887488,0.9755
32.0365,0.654972535,0.9715
32.0745,0.654057581,0.9675
32.1095,0.653142627,0.9635
32.1395,0.652227673,0.9595
32.1745,0.65131272,0.9555
32.2055,0.650856422,0.9515
32.2385,0.64948751,0.9475
32.2715,0.648577255,0.9435
32.3105,0.647662301,0.9395
32.3415,0.645841754,0.9355
32.3785,0.644931498,0.9315
32.4165,0.644021242,0.9275
32.4645,0.642659351,0.9235
32.4985,0.641297459,0.9195
32.5365,0.640391866,0.9155
32.5665,0.639486272,0.9115
32.6335,0.638580679,0.9075
32.6935,0.637675085,0.9035
32.7275,0.636769491,0.8995
32.7685,0.635414566,0.8955
32.8025,0.634059641,0.8915
32.8385,0.633158674,0.8875
32.8755,0.632257707,0.8835
32.9125,0.630902781,0.8795
32.9515,0.63045345,0.8755
32.9885,0.629552483,0.8715
33.0235,0.628651515,0.8675
33.0605,0.628202184,0.8635
33.0915,0.627752852,0.8595
33.1255,0.627303521,0.8555
33.1645,0.626407144,0.8515
33.1945,0.625510768,0.8475
33.2295,0.624614392,0.8435
33.2605,0.623718015,0.8395
33.2995,0.622826195,0.8355
33.3345,0.621934374,0.8315
33.3725,0.62148733,0.8275
33.4035,0.620152986,0.8235
33.4455,0.619261165,0.8195
33.4775,0.617926821,0.8155
33.5115,0.616592477,0.8115
33.5475,0.615258133,0.8075
33.5805,0.613923789,0.8035
33.6505,0.612589445,0.7995
33.7165,0.611255101,0.7955
33.7545,0.610367802,0.7915
33.7865,0.609923026,0.7875
33.8235,0.609035727,0.7835
33.8785,0.60770814,0.7795
33.9135,0.607265616,0.7755
33.9515,0.606382804,0.7715
33.9895,0.605055216,0.7675
34.0245,0.604614928,0.7635
34.0625,0.603294045,0.7595
34.1015,0.602415686,0.7555
34.1345,0.601537327,0.7515
34.1695,0.600658968,0.7475
34.2055,0.599344739,0.7435
34.2425,0.598030511,0.7395
34.2745,0.597152152,0.7355
34.3155,0.596273793,0.7315
34.3475,0.595390981,0.7275
34.3895,0.594076753,0.7235
34.4275,0.593202813,0.7195
34.4595,0.591888585,0.7155
34.5135,0.590580961,0.7115
34.5465,0.589273337,0.7075
34.5815,0.587965713,0.7035
34.6525,0.587096159,0.6995
34.7015,0.586226606,0.6955
34.7375,0.585357052,0.6915
34.7675,0.584487499,0.6875
34.8015,0.584053814,0.6835
34.8395,0.58362013,0.6795
34.8705,0.582750576,0.6755
34.9025,0.581449507,0.6715
34.9395,0.580141883,0.6675
34.9735,0.579708199,0.6635
35.0065,0.579274514,0.6595
35.0375,0.578409314,0.6555
35.0705,0.578409314,0.6515
35.1035,0.577977798,0.6475
35.1405,0.577546282,0.6435
35.1785,0.577114766,0.6395
35.2165,0.576253887,0.6355
35.2515,0.575393007,0.6315
35.2865,0.574961491,0.6275
35.3245,0.574100611,0.6235
35.3635,0.573239732,0.6195
35.4005,0.572378852,0.6155
35.4335,0.571522261,0.6115
35.4715,0.570234154,0.6075
35.5075,0.568520939,0.6035
35.5445,0.567232832,0.5995
35.5825,0.565951133,0.5955
35.6455,0.564663026,0.5915
35.7085,0.563381327,0.5875
35.7455,0.562524736,0.5835
35.7815,0.561243037,0.5795
35.8165,0.559546786,0.5755
35.8485,0.558694451,0.5715
35.8855,0.557412752,0.5675
35.9225,0.556560417,0.5635
35.9585,0.555708082,0.5595
35.9975,0.554855747,0.5555
36.0365,0.554007637,0.5515
36.0685,0.55358253,0.5475
36.1035,0.553159527,0.5435
36.1345,0.552311417,0.5395
36.1675,0.551888414,0.5355
36.2015,0.551040304,0.5315
36.2435,0.550617301,0.5275
36.2755,0.549348276,0.5235
36.3065,0.54850436,0.5195
36.3405,0.54850436,0.5155
36.3745,0.547660443,0.5115
36.4115,0.546397686,0.5075
36.4485,0.545553769,0.5035
36.4845,0.544291011,0.4995
36.5215,0.543028254,0.4955
36.5525,0.5421885,0.4915
36.5905,0.540925742,0.4875
36.6745,0.540504828,0.4835
36.7395,0.539665074,0.4795
36.7725,0.53882532,0.4755
36.8085,0.537568783,0.4715
36.8465,0.536312246,0.4675
36.8775,0.535893406,0.4635
36.9175,0.535057783,0.4595
36.9495,0.53422216,0.4555
36.9845,0.533386537,0.4515
37.0165,0.532969755,0.4475
37.0505,0.532134132,0.4435
37.0845,0.531302611,0.4395
37.1215,0.530058378,0.4355
37.1545,0.529226856,0.4315
37.1875,0.527982624,0.4275
37.2185,0.52631955,0.4235
37.2535,0.525075318,0.4195
37.2855,0.523831085,0.4155
37.3205,0.523416346,0.4115
37.3585,0.522588895,0.4075
37.3935,0.521344662,0.4035
37.4275,0.520929923,0.3995
37.4625,0.520515184,0.3955
37.5035,0.519277036,0.3915
37.5445,0.517630188,0.3875
37.5855,0.516392039,0.3835
37.6335,0.515159931,0.3795
37.6935,0.514340533,0.3755
37.7355,0.513108425,0.3715
37.7685,0.512289027,0.3675
37.8045,0.51146963,0.3635
37.8445,0.510243517,0.3595
37.8825,0.509017404,0.3555
37.9165,0.507785296,0.3515
37.9505,0.506559183,0.3475
37.9835,0.50533307,0.3435
38.0205,0.504100961,0.3395
38.0575,0.502462137,0.3355
38.0905,0.501646723,0.3315
38.1265,0.501240007,0.3275
38.1625,0.500831308,0.3235
38.1945,0.500424592,0.3195
38.2265,0.499613131,0.3155
38.2625,0.49880167,0.3115
38.2965,0.497990208,0.3075
38.3275,0.496775956,0.3035
38.3655,0.49596842,0.2995
38.4055,0.495563674,0.2955
38.4375,0.494349422,0.2915
38.4735,0.493541886,0.2875
38.5045,0.4923335,0.2835
38.5415,0.491119248,0.2795
38.5785,0.489910862,0.2755
38.6145,0.489103325,0.2715
38.6695,0.487894939,0.2675
38.7555,0.486680687,0.2635
38.7905,0.485472302,0.2595
38.8295,0.484668661,0.2555
38.8615,0.483865021,0.2515
38.8985,0.483061381,0.2475
38.9315,0.482660532,0.2435
38.9655,0.48186076,0.2395
39.0015,0.480658198,0.2355
39.0335,0.480257349,0.2315
39.0685,0.479457577,0.2275
39.1075,0.478661646,0.2235
39.1445,0.477861874,0.2195
39.1785,0.477462952,0.2155
39.2155,0.47666318,0.2115
39.2525,0.475867249,0.2075
39.2885,0.474275359,0.2035
39.3235,0.473479427,0.1995
39.3595,0.472683496,0.1955
39.3915,0.471887565,0.1915
39.4245,0.470696524,0.1875
39.4625,0.469505484,0.1835
39.4945,0.468713365,0.1795
39.5235,0.467921247,0.1755
39.5565,0.466730206,0.1715
39.5895,0.465938088,0.1675
39.6195,0.465542978,0.1635
39.6905,0.46475086,0.1595
39.7645,0.463565518,0.1555
39.8155,0.462380176,0.1515
39.8485,0.461985067,0.1475
39.8795,0.461591843,0.1435
39.9095,0.460803511,0.1395
39.9435,0.460015178,0.1355
39.9755,0.458835494,0.1315
40.0115,0.458050919,0.1275
40.0425,0.457266345,0.1235
40.0765,0.456481771,0.1195
40.1115,0.455697196,0.1155
40.1505,0.455303973,0.1115
40.1865,0.454519398,0.1075
40.2205,0.453734824,0.1035
40.2575,0.45295025,0.0995
40.2925,0.452558899,0.0955
40.3285,0.451778056,0.0915
40.3655,0.45060399,0.0875
40.4005,0.449049688,0.0835
40.4335,0.447495386,0.0795
40.4685,0.445557092,0.0755
40.5045,0.444010148,0.0715
40.5415,0.442463204,0.0675
40.5905,0.441300253,0.0635
40.6245,0.439753309,0.0595
40.6865,0.438206365,0.0555
40.7565,0.436268071,0.0515
40.7955,0.434721127,0.0475
40.8295,0.433174183,0.0435
40.8605,0.431245053,0.0395
40.8945,0.429698109,0.0355
40.9315,0.428540657,0.0315
40.9645,0.427001019,0.0275
40.9985,0.426617025,0.0235
41.01,0.426617025,
41.052,0.427001019,
41.093,0.427001019,
41.133,0.427001019,
41.171,0.427001019,
41.212,0.427385012,
41.254,0.427769005,
41.297,0.427769005,
41.335,0.428152998,
41.369,0.428536991,
41.406,0.429303171,
41.443,0.429687164,
41.485,0.430071157,
41.524,0.430837336,
41.565,0.431221329,
41.605,0.431221329,
41.641,0.431607142,
41.679,0.431991136,
41.742,0.432375129,
41.794,0.432375129,
41.838,0.432760942,
41.879,0.432760942,
41.933,0.433144935,
41.973,0.433144935,
42.01,0.433530748,
42.048,0.433916561,
42.091,0.434302374,
42.13,0.434688187,
42.171,0.435074,
42.211,0.435459813,
42.248,0.436233272,
42.285,0.436233272,
42.32,0.437006731,
42.358,0.43778019,
42.395,0.438553649,
42.435,0.438553649,
42.478,0.439327108,
42.512,0.440100566,
42.546,0.441263517,
42.584,0.442040655,
42.625,0.442428301,
42.668,0.443205438,
42.711,0.443593084,
42.755,0.44398073,
42.798,0.444368376,
42.844,0.444757868,
42.893,0.445535006,
42.939,0.446315848,
42.976,0.44670534,
43.019,0.447094832,
43.062,0.44787197,
43.1,0.448261461,
43.141,0.448650953,
43.178,0.448650953,
43.213,0.449042304,
43.253,0.449823147,
43.294,0.450214498,
43.329,0.450995341,
43.369,0.451776183,
43.406,0.452557026,
43.44,0.452948377,
43.481,0.454128061,
43.517,0.454916394,
43.555,0.455700968,
43.595,0.456092319,
43.627,0.456876894,
43.668,0.458056577,
43.706,0.459236261,
43.747,0.460020836,
43.787,0.460809168,
43.824,0.461202392,
43.868,0.461595615,
43.91,0.462383948,
43.96,0.462777172,
44.025,0.463565504,
44.072,0.464353837,
44.116,0.464353837,
44.16,0.464353837,
44.197,0.465145956,
44.239,0.465934289,
44.274,0.466329398,
44.317,0.466726407,
44.357,0.467123416,
44.397,0.467915534,
44.439,0.468312543,
44.478,0.469104662,
44.511,0.46989678,
44.548,0.470293789,
44.584,0.47148483,
44.625,0.471881839,
44.664,0.472278848,
44.702,0.472675857,
44.737,0.473471788,
44.775,0.473471788,
44.81,0.474267719,
44.843,0.47506365,
44.881,0.475462573,
44.918,0.475861495,
44.96,0.476260417,
44.995,0.476659339,
45.034,0.477058262,
45.091,0.477457184,
45.153,0.477856106,
45.193,0.477856106,
45.229,0.478655878,
45.272,0.47945565,
45.307,0.480255421,
45.344,0.480255421,
45.385,0.480654344,
45.427,0.481055193,
45.468,0.481456043,
45.507,0.481856892,
45.55,0.482257741,
45.585,0.482658591,
45.626,0.483866977,
45.667,0.484267826,
45.711,0.484668676,
45.756,0.485069525,
45.791,0.485470374,
45.827,0.485470374,
45.864,0.485470374,
45.905,0.485470374,
45.945,0.48667876,
45.986,0.4874824,
46.03,0.487885191,
46.073,0.488287982,
46.116,0.488690772,
46.155,0.489093563,
46.222,0.489901099,
46.288,0.489496353,
46.327,0.49030389,
46.365,0.49070668,
46.405,0.491109471,
46.445,0.491917008,
46.483,0.492724544,
46.521,0.49353208,
46.556,0.494339617,
46.596,0.494339617,
46.635,0.494744363,
46.671,0.495149109,
46.718,0.495553855,
46.757,0.495958601,
46.794,0.496770062,
46.832,0.497176777,
46.869,0.497988239,
46.906,0.498394954,
46.946,0.499206415,
46.991,0.499611161,
47.03,0.500017877,
47.064,0.500017877,
47.106,0.500833292,
47.142,0.501648707,
47.178,0.502464121,
47.218,0.502870837,
47.262,0.503277552,
47.324,0.503684268,
47.399,0.504499683,
47.443,0.504908382,
47.482,0.505317082,
47.518,0.505317082,
47.559,0.505725781,
47.601,0.50613448,
47.642,0.507360593,
47.686,0.508179991,
47.723,0.509406103,
47.757,0.509816801,
47.797,0.510227499,
47.838,0.510638197,
47.875,0.511457595,
47.913,0.512276992,
47.95,0.51309639,
47.985,0.513507088,
48.023,0.513917785,
48.065,0.513917785,
48.101,0.515149894,
48.134,0.515560592,
48.17,0.51597129,
48.206,0.516384001,
48.248,0.516796712,
48.285,0.517209424,
48.318,0.517209424,
48.353,0.517209424,
48.389,0.517622135,
48.455,0.517622135,
48.523,0.518034846,
48.561,0.518447557,
48.599,0.518860268,
48.638,0.519272979,
48.678,0.520511128,
48.715,0.520511128,
48.756,0.521338578,
48.793,0.521751289,
48.836,0.522166029,
48.875,0.522580768,
48.917,0.522995507,
48.956,0.523822958,
48.993,0.524650408,
49.03,0.525065147,
49.067,0.525892598,
49.108,0.526307337,
49.15,0.526722076,
49.191,0.527553598,
49.231,0.527968337,
49.272,0.527968337,
49.309,0.528383076,
49.349,0.528383076,
49.386,0.529214598,
49.425,0.52963138,
49.463,0.530467003,
49.51,0.530883785,
49.579,0.531300568,
49.631,0.53213619,
49.673,0.532971813,
49.71,0.533388595,
49.753,0.533805378,
49.795,0.534641001,
49.855,0.535059841,
49.89,0.535476623,
49.927,0.536312246,
49.965,0.537147869,
50.006,0.537983492,
50.041,0.538402332,
50.079,0.538821173,
50.122,0.538821173,
50.156,0.539240013,
50.197,0.539658854,
50.242,0.540079768,
50.28,0.540079768,
50.323,0.540498608,
50.363,0.541338363,
50.409,0.541338363,
50.446,0.541759276,
50.496,0.542599031,
50.533,0.542599031,
50.573,0.543019945,
50.615,0.543440859,
50.672,0.543861773,
50.732,0.544282687,
50.787,0.545126604,
50.823,0.545547517,
50.858,0.545968431,
50.905,0.546391434,
50.953,0.546812348,
50.997,0.547656265,
51.038,0.548079268,
51.075,0.548923185,
51.114,0.549346188,
51.153,0.549346188,
51.193,0.550190104,
51.234,0.551038215,
51.275,0.551461217,
51.328,0.552309328,
51.365,0.552732331,
51.406,0.552732331,
51.444,0.553155333,
51.484,0.554003444,
51.526,0.554428551,
51.564,0.554851554,
51.626,0.555276661,
51.663,0.555701768,
51.704,0.556126876,
51.755,0.556551983,
51.813,0.557400093,
51.868,0.557825201,
51.906,0.558252428,
51.944,0.558677536,
51.99,0.558677536,
52.024,0.559529871,
52.065,0.560382206,
52.108,0.561663904,
52.15,0.562091132,
52.195,0.562518359,
52.233,0.563370694,
52.27,0.564227286,
52.312,0.564654513,
52.354,0.565511104,
52.396,0.566367696,
52.434,0.567224287,
52.471,0.568080878,
52.512,0.568510242,
52.569,0.569798349,
52.609,0.570654941,
52.646,0.571084304,
52.682,0.571945184,
52.721,0.5723767,
52.761,0.573671264,
52.803,0.574532144,
52.847,0.575393023,
52.934,0.575824539,
52.982,0.576685419,
53.019,0.577116935,
53.058,0.577982135,
53.094,0.578413651,
53.13,0.578845167,
53.169,0.579276683,
53.205,0.579710367,
53.245,0.580575567,
53.279,0.581440768,
53.32,0.581874452,
53.355,0.582308136,
53.388,0.581874452,
53.425,0.582308136,
53.461,0.582308136,
53.495,0.582741821,
53.533,0.583175505,
53.57,0.583609189,
53.605,0.583609189,
53.644,0.584042874,
53.679,0.584476558,
53.714,0.584910242,
53.75,0.584910242,
53.786,0.585346112,
53.829,0.585781981,
53.872,0.58621785,
53.908,0.586653719,
53.945,0.587523272,
53.994,0.587959142,
54.055,0.589266766,
54.107,0.589702635,
54.146,0.590138504,
54.183,0.590574373,
54.219,0.591010242,
54.261,0.591446111,
54.297,0.592320051,
54.339,0.59275592,
54.386,0.593191789,
54.426,0.593191789,
54.465,0.59362986,
54.501,0.59362986,
54.544,0.59362986,
54.588,0.59406793,
54.633,0.594506001,
54.676,0.594506001,
54.717,0.594944071,
54.755,0.59582243,
54.794,0.596260501,
54.829,0.596698571,
54.873,0.597576931,
54.912,0.598017219,
54.955,0.598895578,
54.99,0.599333649,
55.031,0.599771719,
55.069,0.600212008,
55.12,0.601090367,
55.19,0.601968726,
55.235,0.602851538,
55.273,0.603291827,
55.313,0.603732115,
55.351,0.604614928,
55.386,0.604614928,
55.423,0.605055216,
55.46,0.605938028,
55.502,0.606380552,
55.54,0.606823075,
55.579,0.607265599,
55.619,0.608148411,
55.662,0.609031223,
55.705,0.609473747,
55.751,0.610361046,
55.793,0.610803569,
55.83,0.610803569,
55.87,0.611246093,
55.91,0.612133392,
55.952,0.613025213,
55.993,0.613912512,
56.036,0.614799811,
56.078,0.615691631,
56.115,0.616583452,
56.157,0.617475272,
56.197,0.618367093,
56.271,0.618811868,
56.324,0.619256644,
56.365,0.620148464,
56.403,0.620595509,
56.444,0.62148733,
56.481,0.62237915,
56.517,0.62327097,
56.554,0.62327097,
56.592,0.623720302,
56.629,0.624167347,
56.669,0.625063723,
56.704,0.625063723,
56.742,0.625063723,
56.785,0.625513055,
56.826,0.625962386,
56.864,0.626858763,
56.903,0.627755139,
56.94,0.627755139,
56.977,0.62820447,
57.018,0.628653802,
57.059,0.629554769,
57.095,0.630455737,
57.131,0.631352113,
57.173,0.631803749,
57.216,0.63225308,
57.254,0.632704716,
57.294,0.633605683,
57.394,0.634506651,
57.434,0.634958286,
57.472,0.635409922,
57.507,0.635409922,
57.546,0.635861558,
57.581,0.636762525,
57.619,0.637668119,
57.664,0.638119755,
57.701,0.638119755,
57.743,0.638119755,
57.785,0.63857139,
57.824,0.63857139,
57.86,0.639476984,
57.903,0.639930942,
57.949,0.6403849,
57.991,0.640838858,
58.036,0.641292815,
58.083,0.641746773,
58.128,0.642652367,
58.169,0.643106325,
58.215,0.643106325,
58.253,0.643106325,
58.294,0.643560282,
58.333,0.64401424,
58.368,0.644468198,
58.405,0.644922156,
58.474,0.645832412,
58.54,0.646288709,
58.577,0.646745007,
58.616,0.647201305,
58.656,0.647201305,
58.695,0.648116259,
58.741,0.648572557,
58.779,0.649028854,
58.82,0.649943808,
58.856,0.65131272,
58.893,0.652227673,
58.928,0.65360366,
58.97,0.654518613,
59.007,0.655433567,
59.054,0.656348521,
59.094,0.656807177,
59.135,0.657265833,
59.176,0.657724489,
59.218,0.658183145,
59.259,0.659098098,
59.295,0.659098098,
59.33,0.659556754,
59.373,0.66001541,
59.413,0.66001541,
59.454,0.66001541,
59.497,0.660476443,
59.536,0.66001541,
59.602,0.660476443,
59.673,0.660937475,
59.707,0.661398507,
59.75,0.66185954,
59.785,0.662320572,
59.822,0.662781605,
59.866,0.663706064,
59.912,0.664630524,
59.967,0.665091556,
60.003,0.665552589,
60.04,0.666477049,
60.082,0.666938081,
60.123,0.667399113,
60.159,0.667862541,
60.195,0.668323573,
60.238,0.668787001,
60.273,0.669250428,
60.31,0.669713855,
60.349,0.670177283,
60.383,0.67064071,
60.422,0.671104137,
60.464,0.671104137,
60.502,0.671104137,
60.539,0.671567565,
60.582,0.672030992,
60.621,0.672496833,
60.659,0.673426102,
60.725,0.673889529,
60.794,0.673889529,
60.831,0.675287071,
60.876,0.675287071,
60.923,0.675752912,
60.962,0.676218753,
61.002,0.676218753,
61.047,0.676218753,
61.085,0.677152868,
61.12,0.677618709,
61.159,0.67808455,
61.194,0.678550391,
61.236,0.679016232,
61.272,0.679016232,
61.31,0.679016232,
61.351,0.679482073,
61.391,0.679947914,
61.425,0.679947914,
61.463,0.680413755,
61.501,0.680413755,
61.536,0.680413755,
61.581,0.680879596,
61.617,0.681345437,
61.658,0.681345437,
61.698,0.681813711,
61.734,0.682281985,
61.779,0.682750258,
61.846,0.683218532,
61.893,0.683686805,
61.929,0.684155079,
61.965,0.684623353,
62.008,0.684623353,
62.05,0.684623353,
62.083,0.685091626,
62.121,0.6855599,
62.158,0.6855599,
62.202,0.686028174,
62.243,0.686496447,
62.286,0.686496447,
62.326,0.686496447,
62.364,0.686496447,
62.405,0.686496447,
62.44,0.686496447,
62.478,0.686496447,
62.519,0.686028174,
62.554,0.686028174,
62.592,0.686967173,
62.628,0.687437898,
62.668,0.687437898,
62.702,0.687437898,
62.742,0.688376897,
62.783,0.688847622,
62.82,0.688847622,
62.859,0.688847622,
62.909,0.689318348,
62.971,0.690262269,
63.018,0.690732995,
63.06,0.69120372,
63.1,0.691674445,
63.143,0.692613444,
63.182,0.692613444,
63.218,0.692613444,
63.26,0.692613444,
63.3,0.69308417,
63.338,0.693554895,
63.381,0.693554895,
63.417,0.69308417,
63.454,0.693554895,
63.494,0.693554895,
63.531,0.693554895,
63.565,0.692610973,
63.602,0.692610973,
63.641,0.692610973,
63.676,0.692610973,
63.714,0.69308417,
63.756,0.693554895,
63.793,0.693554895,
63.83,0.69308417,
63.882,0.69308417,
63.923,0.69308417,
63.969,0.69308417,
64.032,0.69308417,
64.111,0.692613444,
64.152,0.692613444,
64.188,0.692613444,
64.231,0.69308417,
64.27,0.692613444,
64.309,0.692142719,
64.353,0.692142719,
64.389,0.691198797,
64.426,0.691198797,
64.466,0.691198797,
64.505,0.691198797,
64.54,0.691198797,
64.579,0.691198797,
64.616,0.690728072,
64.659,0.691198797,
64.701,0.691198797,
64.741,0.691669523,
64.78,0.691669523,
64.829,0.691198797,
64.87,0.690730524,
64.913,0.690730524,
64.956,0.690730524,
65.002,0.690730524,
65.049,0.690259798,
65.095,0.689789073,
65.17,0.689789073,
65.225,0.689318348,
65.263,0.689318348,
65.302,0.689318348,
65.34,0.689318348,
65.376,0.689318348,
65.414,0.688847622,
65.451,0.688376897,
65.492,0.688376897,
65.527,0.688376897,
65.561,0.688376897,
65.602,0.687906172,
65.639,0.687906172,
65.678,0.687906172,
65.722,0.687906172,
65.758,0.687906172,
65.793,0.687906172,
65.836,0.687435446,
65.872,0.686967173,
65.908,0.686028174,
65.947,0.6855599,
65.982,0.685091626,
66.017,0.685091626,
66.057,0.684623353,
66.097,0.685091626,
66.134,0.684623353,
66.171,0.684155079,
66.218,0.683686805,
66.284,0.683218532,
66.341,0.682284417,
66.376,0.681816143,
66.413,0.68134787,
66.459,0.680413755,
66.5,0.679947914,
66.544,0.679482073,
66.589,0.679016232,
66.633,0.679016232,
66.694,0.678082117,
66.738,0.677616276,
66.781,0.676682162,
66.821,0.675752893,
66.859,0.674823625,
66.9,0.674357784,
66.938,0.673891943,
66.982,0.673891943,
67.02,0.672962674,
67.064,0.672033406,
67.106,0.671569978,
67.144,0.671106551,
67.188,0.670643124,
67.227,0.670179696,
67.271,0.669250428,
67.316,0.668787001,
67.388,0.667862541,
67.459,0.667399113,
67.504,0.667399113,
67.544,0.666938081,
67.581,0.666013621,
67.616,0.664630506,
67.653,0.663706046,
67.69,0.662786357,
67.729,0.661866669,
67.766,0.660946981,
67.805,0.660027292,
67.842,0.658651306,
67.881,0.65727532,
67.921,0.655899334,
67.96,0.654523348,
67.997,0.653154436,
68.042,0.651324492,
68.087,0.649948506,
68.125,0.649033552,
68.168,0.647664641,
68.207,0.646754385,
68.248,0.645385474,
68.285,0.644475218,
68.322,0.643113327,
68.363,0.642203071,
68.399,0.64084118,
68.437,0.639935586,
68.504,0.639029992,
68.567,0.637675067,
68.608,0.636320142,
68.647,0.635419175,
68.691,0.634967539,
68.736,0.634061945,
68.791,0.632259975,
68.835,0.631359008,
68.88,0.630458041,
68.925,0.629110029,
68.96,0.627317241,
68.997,0.626420865,
69.034,0.625072852,
69.071,0.6237317,
69.113,0.621948025,
69.148,0.620606873,
69.185,0.619715053,
69.219,0.618823232,
69.263,0.617488888,
69.3,0.615705213,
69.343,0.613481249,
69.378,0.612153661,
69.416,0.610379028,
69.452,0.608166325,
69.493,0.606400667,
69.533,0.605079784,
69.593,0.603314126,
69.655,0.601112599,
69.705,0.599791716,
69.739,0.598477488,
69.777,0.596720736,
69.813,0.595399853,
69.849,0.593643101,
69.886,0.592328873,
69.928,0.591014645,
69.97,0.589707021,
70.014,0.588399397,
70.05,0.586660257,
70.089,0.585359188,
70.124,0.583628754,
70.164,0.581898321,
70.2,0.580167888,
70.239,0.578873324,
70.274,0.576715663,
70.312,0.574568765,
70.35,0.572846973,
70.391,0.57111654,
70.426,0.569394748,
70.462,0.567672957,
70.497,0.565103055,
70.533,0.56338984,
70.569,0.561676626,
70.608,0.559971924,
70.646,0.557846309,
70.69,0.556570971,
70.764,0.554874719,
70.821,0.552759627,
70.863,0.550644535,
70.896,0.548539888,
70.935,0.547277131,
70.975,0.545172484,
71.032,0.542640609,
71.07,0.540121223,
71.114,0.537601837,
71.163,0.535930561,
71.202,0.533836282,
71.243,0.531742003,
71.279,0.529658016,
71.321,0.527994943,
71.357,0.525910955,
71.394,0.523837184,
71.431,0.522592951,
71.47,0.520938021,
71.509,0.519291173,
71.546,0.517227543,
71.591,0.51517398,
71.628,0.51271567,
71.663,0.5106721,
71.706,0.508628531,
71.746,0.50618217,
71.782,0.50373581,
71.832,0.501289449,
71.913,0.4992558,
71.965,0.49722215,
72.006,0.494787652,
72.049,0.492763851,
72.09,0.490329352,
72.131,0.487906629,
72.172,0.485495596,
72.211,0.483481573,
72.247,0.481477256,
72.287,0.479482575,
72.323,0.477487894,
72.361,0.475493214,
72.395,0.473901323,
72.454,0.47191621,
72.492,0.469539745,
72.548,0.467163281,
72.585,0.464786816,
72.622,0.462811201,
72.662,0.460835586,
72.701,0.458082834,
72.741,0.455729003,
72.781,0.453386369,
72.817,0.450646725,
72.861,0.447920097,
72.901,0.445588579,
72.955,0.442874875,
73.027,0.44016117,
73.066,0.437447466,
73.103,0.435126985,
73.139,0.433197855,
73.18,0.430888333,
73.217,0.428200201,
73.258,0.425890679,
73.299,0.423202547,
73.343,0.421291553,
73.384,0.419003718,
73.425,0.417478537,
73.463,0.415576514,
73.503,0.413683401,
73.541,0.411416949,
73.577,0.409532682,
73.617,0.407276808,
73.659,0.405392542,
73.695,0.403136668,
73.732,0.400880795,
73.774,0.399005313,
73.827,0.397138555,
73.863,0.394893186,
73.9,0.392291768,
73.941,0.390056832,
73.982,0.387832255,
74.021,0.385230837,
74.08,0.382641463,
74.151,0.380427173,
74.195,0.3782231,
74.237,0.376019027,
74.28,0.374186561,
74.322,0.371621026,
74.359,0.369427099,
74.4,0.367233171,
74.443,0.364679433,
74.489,0.36213741,
74.528,0.359953559,
74.568,0.358504367,
74.604,0.356330522,
74.642,0.354166615,
74.689,0.352002708,
74.728,0.349848672,
74.765,0.347694635,
74.806,0.345903721,
74.847,0.344112808,
74.888,0.341968574,
74.928,0.339834075,
74.967,0.337349436,
75.002,0.334864797,
75.039,0.332391401,
75.083,0.329929172,
75.125,0.327455776,
75.17,0.324635376,
75.236,0.321827696,
75.289,0.319376559,
75.33,0.316925422,
75.366,0.314485303,
75.406,0.312389092,
75.449,0.309948973,
75.489,0.307166475,
75.529,0.305079676,
75.566,0.303002224,
75.608,0.300934058,
75.659,0.298865892,
75.694,0.296806948,
75.741,0.295095009,
75.782,0.293036066,
75.82,0.290986284,
75.854,0.289281953,
75.892,0.287241272,
75.927,0.28520059,
75.969,0.283503818,
76.006,0.281128267,
76.046,0.279096626,
76.088,0.277073964,
76.128,0.274708925,
76.169,0.272354328,
76.205,0.270340587,
76.243,0.268326846,
76.292,0.266321967,
76.344,0.263988048,
76.401,0.261654129,
76.441,0.259658053,
76.481,0.257334372,
76.518,0.255347041,
76.554,0.253359711,
76.59,0.25137238,
76.628,0.249393738,
76.664,0.24709033,
76.707,0.245120319,
76.747,0.243150308,
76.784,0.241512232,
76.82,0.239550796,
76.864,0.23758936,
76.907,0.235958407,
76.949,0.234334529,
76.989,0.232390076,
77.037,0.230445623,
77.074,0.228509578,
77.116,0.226573534,
77.153,0.22463749,
77.189,0.222383618,
77.23,0.220139462,
77.266,0.218220072,
77.309,0.215985569,
77.344,0.213437296,
77.41,0.211202793,
77.479,0.208977881,
77.522,0.206752968,
77.565,0.204215621,
77.604,0.20168913,
77.639,0.199483215,
77.687,0.197588407,
77.727,0.195701688,
77.779,0.19381497,
77.816,0.191618462,
77.852,0.190049571,
77.889,0.188178876,
77.927,0.186001003,
77.965,0.184138243,
77.999,0.182589254,
78.044,0.18042061,
78.093,0.178565735,
78.136,0.176710861,
78.172,0.175168421,
78.213,0.173329167,
78.254,0.171793235,
78.29,0.169642874,
78.333,0.16780362,
78.368,0.165662313,
78.405,0.163830795,
78.442,0.161689488,
78.489,0.159865659,
78.565,0.158349007,
78.614,0.156832355,
78.655,0.155016165,
78.693,0.153505859,
78.729,0.15169726,
78.767,0.149888661,
78.812,0.147783007,
78.853,0.146285274,
78.899,0.144781274,
78.939,0.143283542,
78.983,0.141785809,
79.025,0.140294304,
79.061,0.138802799,
79.1,0.137311294,
79.142,0.136120582,
79.184,0.134929869,
79.22,0.133151165,
79.257,0.131671999,
79.294,0.129900653,
79.327,0.1284276,
79.364,0.126954547,
79.401,0.125487569,
79.439,0.124311571,
79.475,0.122547537,
79.51,0.12137154,
79.548,0.119904561,
79.586,0.118733408,
79.66,0.117562255,
79.703,0.116391102,
79.741,0.114930161,
79.779,0.11346922,
79.819,0.112307667,
79.861,0.111434717,
79.9,0.110565344,
79.938,0.109695972,
79.98,0.108826599,
80.024,0.108248208,
80.08,0.10709141,
80.12,0.106225594,
80.16,0.105068796,
80.201,0.103631635,
80.236,0.102479564,
80.276,0.101327493,
80.314,0.100461676,
80.357,0.099599393,
80.397,0.099023365,
80.439,0.09873594,
80.483,0.097873657,
80.522,0.097299978,
80.561,0.096441207,
80.601,0.095582437,
80.638,0.094723667,
80.675,0.093868387,
80.756,0.093013108,
80.814,0.092441763,
80.85,0.092157829,
80.889,0.091588804,
80.926,0.091019779,
80.967,0.090733525,
81.002,0.089881715,
81.044,0.088743651,
81.081,0.087323945,
81.126,0.086190493,
81.167,0.085057042,
81.207,0.084208681,
81.254,0.083079813,
81.292,0.081950946,
81.331,0.081106013,
81.371,0.080541586,
81.407,0.079693225,
81.448,0.079128798,
81.485,0.078564372,
81.527,0.077719438,
81.57,0.075747847,
81.608,0.075185698,
81.648,0.075185698,
81.688,0.07631915,
81.728,0.076883577,
81.776,0.076883577,
81.837,0.076323693,
81.893,0.075488919,
81.941,0.074378114,
81.98,0.073267308,
82.018,0.071327232,
82.055,0.069114409,
82.091,0.066629924,
82.133,0.064145438,
82.176,0.062213123,
82.214,0.060566777,
82.256,0.058362797,
82.296,0.05559667,
82.334,0.051978732,
82.376,0.04892982,
82.416,0.046174747,
82.463,0.04371004,
82.496,0.041800729,
82.534,0.04016745,
82.574,0.038265716,
82.612,0.036912746,
82.649,0.036100977,
82.687,0.035292417,
82.729,0.034483856,
82.777,0.033403632,
82.818,0.032407661,
82.852,0.031049519,
82.89,0.029538737,
82.955,0.028899559,
83.034,0.028554403,
83.092,0.027749038,
83.137,0.027749038,
