-5.5,0.0422
-5.0828,0.033449
-5.0051,0.022959
-4.9263,0.012029
-4.8532,0.0019792
-4.7756,-0.0076228
-4.7015,-0.015907
-4.6294,-0.022005
-4.5607,-0.026346
-4.4896,-0.03025
-4.4123,-0.032851
-4.3437,-0.035018
-4.2708,-0.037183
-4.1992,-0.038914
-4.1346,-0.041075
-4.068,-0.044099
-3.9997,-0.047554
-3.9283,-0.051007
-3.8586,-0.054459
-3.7846,-0.057478
-3.7153,-0.060064
-3.6434,-0.061788
-3.5715,-0.063511
-3.4983,-0.065233
-3.4216,-0.066525
-3.3459,-0.067386
-3.2729,-0.068247
-3.1988,-0.068677
-3.1251,-0.069107
-3.0512,-0.069966
-2.9775,-0.071255
-2.9081,-0.072973
-2.8352,-0.075121
-2.7563,-0.077268
-2.6847,-0.078985
-2.6096,-0.080273
-2.5349,-0.08156
-2.4611,-0.082417
-2.3938,-0.082846
-2.3212,-0.083275
-2.2481,-0.084132
-2.1758,-0.084561
-2.1063,-0.085418
-2.0316,-0.086275
-1.96,-0.087561
-1.8903,-0.088419
-1.8197,-0.089704
-1.7423,-0.09056
-1.6621,-0.091844
-1.5908,-0.093128
-1.516,-0.094839
-1.442,-0.096122
-1.3731,-0.097405
-1.2993,-0.098261
-1.2219,-0.098688
-1.1468,-0.098688
-1.0755,-0.098688
-1.0037,-0.099543
-0.93387,-0.1004
-0.86123,-0.10125
-0.79512,-0.10211
-0.73119,-0.10296
-0.66488,-0.10296
-0.59484,-0.10296
-0.5285,-0.10296
-0.45809,-0.10296
-0.39042,-0.10339
-0.32332,-0.10381
-0.24899,-0.10424
-0.17643,-0.10467
-0.10763,-0.09457
-0.032523,-0.062946
0.034891,-0.0039869
0.10479,0.083346
0.1764,0.19517
0.25017,0.30851
0.32344,0.40265
0.40179,0.46417
0.47477,0.49009
0.54998,0.4877
0.62184,0.4709
0.69097,0.44982
0.76127,0.43214
0.83357,0.42028
0.90905,0.41082
0.97708,0.40753
1.0478,0.41284
1.1185,0.42432
1.1896,0.43348
1.2574,0.43532
1.3266,0.41808
1.3992,0.3756
1.4729,0.3109
1.5424,0.23957
1.6116,0.17164
1.6827,0.11457
1.751,0.073014
1.8262,0.046763
1.898,0.028693
1.9741,0.013773
2.0442,0.0037038
2.1167,0.011589
2.1851,0.043622
2.2552,0.1013
2.3243,0.18311
2.3945,0.28231
2.4654,0.36988
2.5376,0.43164
2.6075,0.46323
2.6768,0.46762
2.7484,0.45089
2.8168,0.42944
2.8885,0.41042
2.9558,0.39622
3.0265,0.38585
3.0996,0.37786
3.1694,0.37747
3.2435,0.38514
3.3204,0.39609
3.3952,0.40291
3.4675,0.40198
3.5421,0.37866
3.6164,0.33114
3.6911,0.26855
3.7672,0.20435
3.8411,0.14397
3.9111,0.096744
3.9855,0.064895
4.0575,0.044512
4.1276,0.029534
4.2026,0.020303
4.2808,0.029107
4.352,0.06168
4.4238,0.1185
4.4929,0.19719
4.565,0.29146
4.6369,0.37265
4.7103,0.42745
4.7779,0.45352
4.8476,0.45472
4.9204,0.43615
5.0012,0.41428
5.0735,0.39579
5.1438,0.38258
5.2121,0.37317
5.2836,0.36707
5.3567,0.36903
5.4265,0.37904
5.501,0.39185
5.574,0.39961
5.643,0.39821
5.7174,0.37439
5.7852,0.32731
5.8614,0.26609
5.9327,0.20459
6.0066,0.14783
6.0762,0.10332
6.1477,0.073264
6.2169,0.053321
6.2928,0.037013
6.3638,0.022958
6.4342,0.02366
6.5077,0.046255
6.5768,0.094019
6.6465,0.1669
6.7217,0.26056
6.7937,0.34858
6.8721,0.41355
6.9455,0.44881
7.0138,0.45443
7.0855,0.43862
7.1578,0.41533
7.2273,0.39396
7.2983,0.37882
7.3692,0.36989
7.4473,0.36286
7.5206,0.36434
7.5956,0.37434
7.6653,0.3867
7.7411,0.39537
7.8137,0.3972
7.8834,0.37666
7.9525,0.3319
8.0243,0.27252
8.0867,0.21058
8.1541,0.15154
8.2199,0.10517
8.2884,0.073734
8.3597,0.053314
8.4323,0.037875
8.5074,0.025571
8.5812,0.023921
8.6536,0.042729
8.7282,0.08535
8.7983,0.15221
8.8748,0.239
8.9495,0.32745
9.0242,0.39524
9.097,0.43521
9.1704,0.44598
9.2445,0.43528
9.3162,0.41343
9.386,0.39302
9.4554,0.37742
9.5265,0.36802
9.6005,0.36145
9.6683,0.36006
9.7402,0.36672
9.8101,0.37904
9.8838,0.39044
9.9574,0.39587
10.024,0.38697
10.09,0.35517
10.165,0.30352
10.233,0.24379
10.308,0.1847
10.377,0.1327
10.448,0.092951
10.516,0.066185
10.59,0.047155
10.664,0.03217
10.734,0.022495
10.808,0.032242
10.882,0.066242
10.95,0.12497
11.026,0.20509
11.094,0.29894
11.172,0.37734
11.241,0.42791
11.311,0.44832
11.382,0.44387
11.457,0.42248
11.525,0.39921
11.595,0.38027
11.663,0.36756
11.733,0.35959
11.805,0.35351
11.878,0.35498
11.951,0.36449
12.027,0.37726
12.097,0.38543
12.169,0.38584
12.242,0.36485
12.316,0.32153
12.384,0.26361
12.458,0.20359
12.527,0.14738
12.597,0.10335
12.671,0.072396
12.742,0.051997
12.81,0.037003
12.882,0.024695
12.949,0.021237
13.019,0.038204
13.086,0.078984
13.155,0.14405
13.222,0.22999
13.292,0.32121
13.363,0.39366
13.428,0.43782
13.494,0.45181
13.572,0.44242
13.648,0.42009
13.726,0.39683
13.795,0.37885
13.866,0.36756
13.942,0.36006
14.016,0.35915
14.092,0.36724
14.167,0.37955
14.242,0.38956
14.315,0.39226
14.394,0.37686
14.464,0.33769
14.536,0.28199
14.61,0.22099
14.68,0.16376
14.753,0.11683
14.822,0.08394
14.892,0.06257
14.962,0.04799
15.03,0.035222
15.1,0.030425
15.175,0.046054
15.253,0.085062
15.325,0.14696
15.4,0.22926
15.474,0.31817
15.543,0.38737
15.617,0.42872
15.69,0.4418
15.763,0.43337
15.833,0.41154
15.909,0.39021
15.981,0.37368
16.054,0.36381
16.124,0.35585
16.195,0.35354
16.263,0.3607
16.338,0.37443
16.41,0.38585
16.482,0.39225
16.555,0.38292
16.624,0.34883
16.695,0.29533
16.764,0.23605
16.834,0.17829
16.904,0.12941
16.973,0.094612
17.046,0.071866
17.121,0.055488
17.193,0.041822
17.262,0.030388
17.337,0.036112
17.412,0.064692
17.485,0.11708
17.555,0.19131
17.628,0.28368
17.698,0.36245
17.776,0.4153
17.845,0.43938
17.92,0.43862
17.993,0.4182
18.065,0.39544
18.134,0.37699
18.207,0.36475
18.274,0.35678
18.352,0.35304
18.422,0.35781
18.498,0.36918
18.57,0.38008
18.644,0.38551
18.718,0.37897
18.791,0.34961
18.859,0.29896
18.929,0.23975
19.002,0.18162
19.073,0.13005
19.144,0.091148
19.216,0.065706
19.291,0.048016
19.361,0.033919
19.435,0.023806
19.508,0.031259
19.578,0.061999
19.65,0.11655
19.72,0.1925
19.794,0.2844
19.863,0.36367
19.933,0.41658
20.002,0.44073
20.072,0.44003
20.148,0.42056
20.222,0.39733
20.299,0.3784
20.371,0.36569
20.44,0.35725
20.512,0.35117
20.583,0.35358
20.655,0.36307
20.727,0.37443
20.802,0.38212
20.872,0.38295
20.944,0.3619
21.014,0.3195
21.091,0.26389
21.161,0.20616
21.231,0.15087
21.303,0.10821
21.376,0.078145
21.448,0.058602
21.522,0.044019
21.593,0.033015
21.661,0.035446
21.727,0.060214
21.798,0.10792
21.867,0.17803
21.937,0.26628
22.007,0.34885
22.077,0.4079
22.144,0.43861
22.22,0.4425
22.287,0.42674
22.357,0.40396
22.429,0.3836
22.502,0.36944
22.573,0.36006
22.646,0.35258
22.719,0.35215
22.797,0.36023
22.871,0.37206
22.944,0.38206
23.017,0.38613
23.086,0.37165
23.156,0.33388
23.227,0.27914
23.301,0.21999
23.368,0.16325
23.441,0.11725
23.511,0.084813
23.582,0.064337
23.651,0.04931
23.722,0.036545
23.791,0.026002
23.863,0.033519
23.937,0.064364
24.016,0.11902
24.093,0.19456
24.168,0.28641
24.243,0.3633
24.313,0.41238
24.386,0.43224
24.462,0.42916
24.534,0.40829
24.606,0.38554
24.685,0.36853
24.757,0.35866
24.828,0.3521
24.898,0.35166
24.967,0.36021
25.038,0.37392
25.11,0.38672
25.176,0.39448
25.241,0.38648
25.312,0.35469
25.382,0.30396
25.45,0.24468
25.522,0.18556
25.591,0.13401
25.662,0.095608
25.734,0.069261
25.802,0.050666
25.871,0.036115
25.942,0.024686
26.013,0.029421
26.087,0.057013
26.161,0.1089
26.231,0.18266
26.302,0.275
26.378,0.35704
26.45,0.41269
26.525,0.43814
26.601,0.43778
26.675,0.41733
26.744,0.39267
26.814,0.37279
26.885,0.36054
26.954,0.35304
27.023,0.34743
27.094,0.34937
27.163,0.35981
27.232,0.37212
27.31,0.38167
27.379,0.38529
27.45,0.36845
27.524,0.32741
27.61,0.27223
27.687,0.21311
27.757,0.15596
27.835,0.1105
27.906,0.079498
27.978,0.059042
28.051,0.044023
28.13,0.03302
28.205,0.039212
28.286,0.068743
28.363,0.12209
28.436,0.19536
28.518,0.28495
28.587,0.35997
28.662,0.40764
28.74,0.42607
28.816,0.42347
28.89,0.40308
28.96,0.38176
29.035,0.3657
29.11,0.35632
29.181,0.34931
29.256,0.34935
29.331,0.35695
29.403,0.36924
29.477,0.37877
29.547,0.38236
29.62,0.36696
29.695,0.32879
29.771,0.27363
29.846,0.21453
29.92,0.1574
29.987,0.11102
30.059,0.079054
30.136,0.058163
30.207,0.043145
30.279,0.03127
30.35,0.030502
30.42,0.049316
30.488,0.092384
30.56,0.15882
30.627,0.24523
30.694,0.33192
30.759,0.39839
30.829,0.4361
30.901,0.44457
30.971,0.4306
31.046,0.40641
31.118,0.38272
31.193,0.36479
31.267,0.35306
31.342,0.34465
31.415,0.33999
31.487,0.34428
31.557,0.35515
31.636,0.36558
31.71,0.37098
31.789,0.3649
31.86,0.33649
31.935,0.28727
32.008,0.23091
32.078,0.17514
32.152,0.12548
32.219,0.088
32.29,0.063938
32.364,0.047127
32.433,0.033907
32.512,0.028211
32.58,0.04291
32.652,0.080989
32.719,0.14244
32.791,0.22385
32.864,0.31319
32.941,0.38331
33.016,0.4251
33.094,0.43766
33.166,0.42776
33.244,0.40359
33.327,0.38038
33.401,0.36291
33.479,0.35212
33.553,0.34511
33.621,0.34704
33.695,0.35653
33.761,0.37024
33.83,0.38118
33.896,0.38528
33.971,0.368
34.04,0.3284
34.109,0.27274
34.179,0.21359
34.249,0.15731
34.322,0.11318
34.398,0.082131
34.475,0.061687
34.546,0.046234
34.623,0.033474
34.698,0.03004
34.769,0.04703
34.841,0.088275
34.911,0.15285
34.983,0.23691
35.056,0.32351
35.13,0.38993
35.197,0.42759
35.269,0.43699
35.337,0.42535
35.407,0.4026
35.483,0.38128
35.558,0.3657
35.629,0.35632
35.699,0.34884
35.769,0.34652
35.838,0.35176
35.907,0.3631
35.981,0.37307
36.049,0.37803
36.126,0.36868
36.201,0.33701
36.274,0.28506
36.346,0.22642
36.421,0.16928
36.496,0.11966
36.566,0.083548
36.638,0.060825
36.719,0.044916
36.796,0.032584
36.871,0.0332
36.946,0.055278
37.024,0.10117
37.095,0.16985
37.169,0.25668
37.239,0.34058
37.312,0.40093
37.381,0.43251
37.452,0.43732
37.52,0.42201
37.594,0.39831
37.669,0.37796
37.746,0.36336
37.817,0.35399
37.89,0.34744
37.967,0.34843
38.044,0.35697
38.115,0.36926
38.189,0.37788
38.262,0.3792
38.344,0.36056
38.413,0.31873
38.483,0.26177
38.553,0.20315
38.628,0.14829
38.696,0.10511
38.767,0.076775
38.842,0.058578
38.917,0.044461
38.987,0.032587
39.057,0.030946
39.128,0.050275
39.198,0.093858
39.275,0.16077
39.342,0.24669
39.409,0.33335
39.479,0.39696
39.549,0.43181
39.622,0.43886
39.696,0.42536
39.77,0.40165
39.844,0.38033
39.916,0.36477
39.987,0.35446
40.06,0.34651
40.131,0.34563
40.203,0.35323
40.275,0.36457
40.353,0.37271
40.428,0.37494
40.503,0.35816
40.578,0.31815
40.649,0.26303
40.722,0.2058
40.795,0.15054
40.867,0.10647
40.938,0.076363
41.012,0.056832
41.08,0.042263
41.151,0.031263
41.227,0.032778
41.298,0.056187
41.374,0.10346
41.445,0.17266
41.517,0.26043
41.589,0.34436
41.662,0.40429
41.736,0.43493
41.813,0.43923
41.886,0.42298
41.958,0.3988
42.031,0.3775
42.104,0.36243
42.18,0.35212
42.253,0.34465
42.328,0.34471
42.395,0.35373
42.461,0.36697
42.531,0.37838
42.604,0.3834
42.674,0.3689
42.743,0.33066
42.808,0.27636
42.876,0.21767
42.947,0.16094
43.022,0.11543
43.1,0.083482
43.174,0.062577
43.249,0.047546
43.329,0.035657
43.402,0.036311
43.472,0.059782
43.546,0.10712
43.615,0.17686
43.686,0.26561
43.76,0.34958
43.835,0.40858
43.913,0.43829
43.988,0.44069
44.06,0.42302
44.131,0.39835
44.201,0.3775
44.276,0.36242
44.346,0.35306
44.423,0.34605
44.497,0.34848
44.571,0.35703
44.643,0.36837
44.714,0.37514
44.784,0.37415
44.857,0.34985
44.932,0.30523
45.005,0.24877
45.079,0.19158
45.15,0.13819
45.226,0.097461
45.298,0.069714
45.372,0.050231
45.443,0.035244
45.516,0.023379
45.591,0.027678
45.669,0.055264
45.742,0.1071
45.816,0.18034
45.888,0.27168
45.957,0.35272
46.028,0.40693
46.098,0.43238
46.172,0.43297
46.243,0.41397
46.316,0.39074
46.383,0.3723
46.455,0.36007
46.528,0.35211
46.603,0.34744
46.677,0.34983
46.748,0.3588
46.824,0.36686
46.901,0.36943
46.976,0.36239
47.048,0.33495
47.123,0.28627
47.196,0.22952
47.266,0.17385
47.339,0.12377
47.412,0.085812
47.483,0.062154
47.556,0.046668
47.63,0.03521
47.701,0.026421
47.773,0.033818
47.838,0.063186
47.908,0.1169
47.979,0.19161
48.047,0.28312
48.113,0.3634
48.186,0.41775
48.255,0.4414
48.338,0.43968
48.409,0.41922
48.481,0.39502
48.552,0.37512
48.625,0.36194
48.701,0.35305
48.778,0.34838
48.852,0.35173
48.931,0.36073
49.005,0.36974
49.074,0.37419
49.146,0.36716
49.218,0.33782
49.293,0.28909
49.366,0.23227
49.435,0.17606
49.509,0.12594
49.579,0.089344
49.649,0.065685
49.719,0.049315
49.794,0.036537
49.867,0.02687
49.941,0.032978
50.018,0.061983
50.092,0.11529
50.16,0.18998
50.23,0.28191
50.3,0.36258
50.37,0.41637
50.439,0.44042
50.514,0.43962
50.586,0.41965
50.656,0.39546
50.735,0.37606
50.809,0.36288
50.882,0.35399
50.954,0.34837
51.026,0.35125
51.094,0.36073
51.161,0.37254
51.23,0.38023
51.301,0.37921
51.373,0.35676
51.448,0.31346
51.517,0.25787
51.587,0.20063
51.659,0.14675
51.73,0.10418
51.804,0.07461
51.872,0.053773
51.947,0.038323
52.02,0.026878
52.09,0.031115
52.163,0.057726
52.238,0.10859
52.308,0.18046
52.384,0.26955
52.456,0.35021
52.531,0.40591
52.602,0.43285
52.676,0.43441
52.751,0.41726
52.824,0.39498
52.896,0.37652
52.965,0.36381
53.035,0.35585
53.112,0.34977
53.186,0.35124
53.26,0.3593
53.335,0.36877
53.411,0.37366
53.482,0.37079
53.552,0.347
53.621,0.30237
53.694,0.24687
53.767,0.19062
53.839,0.13862
53.913,0.09832
53.986,0.071468
54.057,0.053735
54.134,0.040934
54.208,0.031689
54.281,0.040008
54.351,0.07079
54.426,0.12499
54.499,0.19877
54.58,0.28798
54.65,0.36363
54.729,0.41237
54.798,0.4318
54.87,0.42873
54.943,0.40831
55.016,0.38555
55.083,0.36852
55.154,0.35773
55.222,0.35024
55.292,0.34511
55.362,0.34846
55.433,0.35793
55.507,0.36788
55.581,0.3728
55.652,0.36949
55.724,0.34385
55.792,0.29692
55.872,0.24096
55.942,0.18518
56.015,0.13407
56.089,0.09559
56.165,0.071002
56.235,0.054167
56.306,0.041812
56.374,0.030821
56.444,0.031886
56.509,0.053444
56.576,0.098814
56.639,0.16663
56.713,0.2539
56.786,0.33825
56.865,0.40052
56.936,0.43402
57.009,0.43926
57.086,0.42394
57.16,0.40024
57.23,0.37893
57.301,0.36336
57.378,0.35399
57.458,0.3479
57.531,0.34984
57.602,0.35837
57.677,0.3683
57.75,0.37366
57.82,0.37079
57.894,0.347
57.97,0.30193
58.043,0.24598
58.114,0.1893
58.186,0.13641
58.26,0.095666
58.34,0.068818
58.411,0.051089
58.488,0.038729
58.556,0.033006
58.635,0.046328
58.709,0.083515
58.783,0.14364
58.857,0.22198
58.931,0.31092
59.005,0.38249
59.077,0.42476
59.148,0.43824
59.217,0.43061
59.286,0.40783
59.355,0.38459
59.427,0.36758
59.501,0.35726
59.574,0.34978
59.647,0.34604
59.717,0.35033
59.791,0.3612
59.86,0.37254
59.931,0.3793
59.999,0.37503
60.064,0.34933
60.13,0.30328
60.195,0.24728
60.265,0.19098
60.339,0.14032
60.41,0.10096
60.482,0.074565
60.553,0.056826
60.625,0.043577
60.696,0.033007
60.766,0.034446
60.841,0.055945
60.913,0.10038
60.983,0.16683
61.055,0.2519
61.129,0.33587
61.198,0.3982
61.269,0.4322
61.341,0.43838
61.418,0.42349
61.49,0.39978
61.559,0.37846
61.629,0.36336
61.698,0.35445
61.77,0.34884
61.842,0.34981
61.916,0.35883
61.991,0.3716
62.063,0.38206
62.132,0.38568
62.211,0.3703
62.286,0.3312
62.358,0.27512
62.428,0.21419
62.505,0.15613
62.576,0.10926
62.65,0.076841
62.722,0.056821
62.792,0.043132
62.862,0.032135
62.933,0.029562
63.001,0.04697
63.071,0.087317
63.139,0.15055
63.209,0.23327
63.279,0.32034
63.359,0.3877
63.427,0.42673
63.503,0.43797
63.576,0.42817
63.65,0.40635
63.723,0.38503
63.8,0.36991
63.875,0.36006
63.95,0.35211
64.02,0.34932
64.091,0.35504
64.165,0.36545
64.238,0.37404
64.309,0.37762
64.387,0.36645
64.459,0.33199
64.535,0.27911
64.608,0.22226
64.681,0.16692
64.75,0.12041
64.826,0.087908
64.895,0.067867
64.965,0.052391
65.034,0.040493
65.1,0.033461
65.163,0.043611
65.236,0.076174
65.303,0.13348
65.374,0.21035
65.446,0.29872
65.517,0.37257
65.587,0.42048
65.659,0.43867
65.728,0.43435
65.8,0.41394
65.873,0.39166
65.943,0.37322
66.017,0.36101
66.09,0.35212
66.164,0.34604
66.232,0.34799
66.303,0.35699
66.376,0.36693
66.45,0.37183
66.521,0.36851
66.595,0.34332
66.667,0.29777
66.737,0.24227
66.812,0.18738
66.885,0.13673
66.955,0.098707
67.025,0.073213
67.098,0.056372
67.167,0.043132
67.241,0.032571
67.316,0.035908
67.387,0.061137
67.459,0.10979
67.532,0.18037
67.601,0.26908
67.676,0.35072
67.749,0.40837
67.822,0.43671
67.897,0.43873
67.965,0.42062
68.036,0.39691
68.111,0.37608
68.183,0.36148
68.26,0.35212
68.335,0.34604
68.411,0.34751
68.483,0.35651
68.548,0.36831
68.617,0.37689
68.682,0.3777
68.748,0.35804
68.813,0.31707
68.884,0.26242
68.955,0.20519
69.026,0.15129
69.095,0.10866
69.166,0.079027
69.234,0.059917
69.31,0.045778
69.382,0.034332
69.451,0.028628
69.523,0.042431
69.59,0.079171
69.662,0.13934
69.73,0.22042
69.8,0.31257
69.871,0.38596
69.945,0.4315
70.017,0.44774
70.088,0.44009
70.156,0.41634
70.227,0.39262
70.301,0.3737
70.375,0.36101
70.445,0.35165
70.517,0.34605
70.587,0.34846
70.662,0.35793
70.734,0.36881
70.802,0.37603
70.873,0.37315
70.945,0.34841
71.017,0.30331
71.085,0.24777
71.156,0.19147
71.225,0.14035
71.294,0.10184
71.365,0.075875
71.435,0.05814
71.508,0.044457
71.582,0.033455
71.656,0.033139
71.727,0.053281
71.799,0.097774
71.87,0.16467
71.949,0.25018
72.021,0.33599
72.091,0.40066
72.163,0.43507
72.232,0.44218
72.303,0.42868
72.371,0.40449
72.441,0.38221
72.516,0.36618
72.585,0.3554
72.659,0.34698
72.728,0.34658
72.8,0.35373
72.873,0.36602
72.95,0.37648
73.02,0.38056
73.095,0.36513
73.168,0.32694
73.242,0.27224
73.322,0.21357
73.395,0.15821
73.467,0.11407
73.533,0.084329
73.603,0.065636
73.677,0.052373
73.744,0.041358
73.811,0.038334
73.885,0.054893
73.954,0.095316
74.024,0.15868
74.097,0.24157
74.167,0.32877
74.243,0.39576
74.313,0.43391
74.383,0.44374
74.459,0.43202
74.533,0.40922
74.607,0.38739
74.677,0.37086
74.752,0.36007
74.829,0.35165
74.9,0.34746
74.971,0.35177
75.039,0.36265
75.112,0.37308
75.182,0.37896
75.252,0.37193
75.321,0.34161
75.396,0.29189
75.464,0.235
75.534,0.17916
75.605,0.1299
75.68,0.094637
75.751,0.071427
75.821,0.055046
75.897,0.041813
75.969,0.033455
76.042,0.04228
76.115,0.074927
76.188,0.13139
76.267,0.20738
76.336,0.29664
76.408,0.37091
76.477,0.41731
76.55,0.43448
76.619,0.43011
76.691,0.40876
76.758,0.38647
76.829,0.36899
76.899,0.3582
76.964,0.34978
77.029,0.34324
77.096,0.34331
77.161,0.35234
77.227,0.36559
77.297,0.377
77.366,0.38295
77.435,0.36984
77.504,0.33298
77.576,0.27913
77.647,0.22131
77.717,0.16544
77.788,0.11989
77.856,0.088343
77.926,0.06831
78.003,0.053707
78.074,0.041802
78.144,0.032566
78.217,0.039106
78.287,0.068542
78.366,0.1214
78.434,0.19522
78.507,0.28584
78.578,0.36473
78.651,0.41674
78.725,0.43897
78.796,0.4368
78.866,0.41589
78.935,0.3917
79.004,0.3723
79.074,0.36007
79.144,0.35165
79.216,0.34651
79.287,0.34939
79.361,0.35839
79.43,0.36787
79.504,0.37324
79.574,0.369
79.649,0.34245
79.721,0.29556
79.794,0.23873
79.866,0.1816
79.938,0.13007
80.009,0.092052
80.08,0.067891
80.15,0.052383
80.225,0.041356
80.298,0.032561
80.372,0.039075
80.44,0.067609
80.519,0.12005
80.59,0.19254
80.664,0.28269
80.738,0.36253
80.809,0.41592
80.881,0.43857
80.949,0.43776
81.018,0.41778
81.088,0.39265
81.158,0.37184
81.232,0.35822
81.306,0.34793
81.38,0.34139
81.459,0.34427
81.533,0.35469
81.601,0.36651
81.675,0.37422
81.75,0.37139
81.826,0.34666
81.895,0.30063
81.968,0.24419
82.038,0.18788
82.108,0.13765
82.178,0.099147
82.247,0.073655
82.313,0.056816
82.383,0.043578
82.448,0.032571
82.521,0.033609
82.593,0.056061
82.662,0.10242
82.731,0.17119
82.809,0.2581
82.877,0.343
82.949,0.40486
83.018,0.43645
83.091,0.44074
83.163,0.42538
83.234,0.40118
83.306,0.37938
83.387,0.36429
83.455,0.35492
83.529,0.34744
83.605,0.34798
83.679,0.357
83.751,0.3693
83.822,0.37747
83.896,0.37881
83.969,0.35923
84.038,0.31688
84.116,0.26035
84.189,0.20306
84.263,0.14954
84.333,0.10816
84.402,0.080305
84.471,0.062989
84.54,0.049298
84.612,0.038287
84.684,0.037963
84.755,0.05862
84.828,0.10227
84.903,0.16924
84.976,0.25483
85.046,0.34024
85.119,0.40351
85.188,0.4384
85.259,0.44549
85.335,0.43151
85.406,0.40778
85.481,0.38597
85.554,0.36946
85.623,0.3582
85.693,0.35025
85.761,0.34746
85.835,0.35317
85.901,0.36498
85.972,0.37727
86.041,0.38361
86.111,0.37563
86.179,0.34527
86.249,0.2969
86.32,0.23952
86.394,0.18364
86.466,0.13571
86.537,0.099999
86.61,0.075416
86.678,0.059023
86.75,0.046216
86.824,0.037395
86.896,0.046647
86.971,0.078806
87.041,0.13439
87.112,0.20958
87.183,0.29893
87.254,0.37422
87.323,0.42305
87.391,0.44212
87.462,0.43818
87.531,0.41681
87.6,0.39263
87.67,0.37324
87.741,0.36101
87.81,0.35258
87.884,0.34604
87.953,0.34799
88.023,0.35654
88.098,0.36695
88.175,0.37324
88.249,0.37317
88.317,0.35122
88.392,0.30887
88.469,0.25378
88.538,0.19749
88.608,0.1445
88.677,0.10414
88.761,0.076332
88.835,0.05858
88.902,0.045333
88.974,0.034767
89.043,0.037175
89.117,0.061525
89.186,0.1093
89.255,0.17899
89.327,0.26683
89.398,0.34991
89.469,0.40894
89.539,0.43867
89.62,0.44206
89.69,0.42534
89.765,0.40115
89.837,0.37938
89.907,0.36384
89.981,0.35353
90.054,0.34558
90.129,0.34565
90.204,0.35372
90.28,0.36318
90.353,0.36808
90.422,0.36615
90.492,0.34376
90.562,0.3005
90.632,0.24681
90.705,0.19282
90.776,0.14304
90.845,0.1045
90.916,0.07853
90.985,0.060791
91.049,0.047542
91.12,0.036525
91.185,0.031251
91.25,0.044103
91.316,0.08082
91.386,0.14052
91.461,0.21979
91.533,0.31012
91.604,0.38404
91.678,0.42912
91.745,0.44444
91.819,0.43726
91.89,0.41399
91.962,0.38932
92.036,0.37041
92.112,0.35867
92.185,0.35025
92.257,0.34651
92.327,0.35173
92.397,0.36308
92.466,0.37442
92.536,0.38029
92.611,0.37373
92.689,0.34439
92.767,0.29471
92.839,0.23646
92.909,0.17929
92.981,0.12955
93.051,0.093332
93.127,0.07053
93.201,0.055034
93.274,0.043567
93.356,0.039658
93.43,0.055774
93.504,0.095756
93.577,0.15912
93.648,0.24109
93.721,0.32829
93.796,0.39527
93.869,0.43296
93.938,0.44184
94.011,0.42967
94.09,0.40547
94.171,0.38177
94.24,0.36478
94.309,0.35399
94.377,0.34651
94.445,0.34467
94.515,0.35274
94.585,0.36551
94.655,0.37783
94.728,0.38375
94.797,0.37441
94.866,0.34037
94.939,0.2879
95.011,0.22872
95.083,0.17194
95.154,0.12359
95.223,0.089719
95.298,0.06831
95.37,0.053707
95.439,0.041802
95.51,0.033882
95.585,0.044089
95.662,0.077676
95.735,0.13469
95.81,0.21123
95.883,0.30193
95.952,0.37621
96.022,0.42263
96.096,0.43975
96.17,0.43486
96.244,0.41255
96.312,0.38931
96.387,0.37088
96.461,0.35868
96.533,0.35025
96.605,0.34888
96.678,0.35602
96.762,0.36783
96.836,0.37782
96.915,0.38095
96.988,0.36649
97.064,0.32874
97.135,0.27495
97.205,0.21674
97.275,0.16184
97.352,0.1172
97.425,0.086561
97.502,0.067406
97.571,0.054136
97.643,0.043116
97.712,0.040086
97.783,0.057083
97.852,0.097554
97.927,0.16048
97.998,0.24199
98.075,0.32875
98.149,0.39482
98.22,0.43106
98.287,0.43947
98.365,0.42824
98.441,0.40404
98.517,0.38174
98.596,0.36663
98.669,0.35772
98.742,0.3507
98.815,0.35217
98.886,0.36119
98.958,0.37256
99.029,0.38071
99.102,0.38247
99.172,0.36333
99.248,0.32187
99.324,0.2667
99.396,0.2085
99.468,0.15362
99.538,0.11132
99.606,0.082546
99.677,0.063872
99.747,0.051051
99.815,0.040479
99.886,0.034326
99.955,0.047247
100.02,0.084033
100.1,0.14332
100.17,0.22261
100.25,0.31293
100.32,0.38494
100.4,0.42812
100.47,0.44298
100.55,0.43486
100.62,0.4116
100.7,0.38836
100.77,0.37041
100.84,0.35774
100.91,0.34932
100.99,0.3494
101.06,0.3575
101.14,0.36934
101.21,0.37891
101.28,0.38119
101.36,0.36203
101.43,0.32056
101.5,0.26492
101.58,0.20714
101.65,0.15313
101.72,0.11085
101.79,0.082096
101.86,0.06388
101.94,0.049744
102.01,0.038287
102.08,0.041636
102.16,0.067891
102.23,0.11762
102.3,0.18972
102.38,0.27995
102.45,0.36266
102.52,0.41938
102.6,0.44627
102.67,0.44683
102.74,0.42728
102.81,0.40163
102.88,0.37938
102.95,0.3643
103.02,0.35446
103.1,0.34744
103.16,0.34796
103.23,0.35744
103.3,0.36973
103.37,0.3788
103.45,0.38102
103.52,0.36374
103.6,0.32367
103.67,0.26896
103.75,0.21166
103.82,0.15723
103.9,0.11358
103.97,0.083449
104.04,0.063891
104.11,0.048868
104.18,0.036973
104.25,0.037123
104.32,0.058254
104.4,0.10374
104.47,0.17255
104.54,0.2595
104.61,0.34492
104.69,0.40773
104.76,0.44028
104.84,0.44503
104.91,0.42966
104.98,0.40451
105.05,0.38221
105.12,0.36664
105.19,0.35633
105.26,0.34838
105.34,0.34939
105.41,0.35749
105.49,0.36791
105.56,0.37468
105.63,0.37508
105.71,0.35361
105.78,0.31079
105.85,0.25522
105.92,0.19889
106,0.14586
106.07,0.10546
106.14,0.078096
106.21,0.061222
106.29,0.04841
106.36,0.038278
106.44,0.042969
106.51,0.070084
106.58,0.12023
106.66,0.19139
106.73,0.28021
106.81,0.35964
106.89,0.41358
106.96,0.43723
107.04,0.43593
107.11,0.41594
107.18,0.3922
107.25,0.37231
107.33,0.36007
107.4,0.35258
107.47,0.34838
107.55,0.35221
107.62,0.36357
107.69,0.3754
107.76,0.38221
107.83,0.37844
107.91,0.35184
107.99,0.30393
108.06,0.24607
108.13,0.18926
108.2,0.13809
108.27,0.10047
108.34,0.076293
108.42,0.060769
108.48,0.048402
108.55,0.039152
108.62,0.045712
108.69,0.074735
108.77,0.12718
108.84,0.20016
108.91,0.28993
108.98,0.36748
109.06,0.41858
109.13,0.44038
109.2,0.43867
109.27,0.41823
109.35,0.39498
109.42,0.37651
109.49,0.36428
109.56,0.35539
109.64,0.35071
109.71,0.35454
109.78,0.36402
109.85,0.37304
109.93,0.37705
110.01,0.36957
110.08,0.33927
110.15,0.29002
110.22,0.23405
110.3,0.18003
110.37,0.13254
110.44,0.098163
110.52,0.075839
110.6,0.059896
110.67,0.046221
110.74,0.037414
110.82,0.047651
110.89,0.082197
110.96,0.14061
111.03,0.21899
111.11,0.30929
111.18,0.38223
111.25,0.42633
111.33,0.44114
111.4,0.43441
111.48,0.41208
111.55,0.38929
111.62,0.37227
111.69,0.36147
111.76,0.35305
111.83,0.35169
111.9,0.35884
111.97,0.37068
112.04,0.38115
112.11,0.38706
112.19,0.37487
112.26,0.3394
112.33,0.28645
112.4,0.22817
112.47,0.17094
112.54,0.12355
112.61,0.090599
112.68,0.070077
112.75,0.0559
112.82,0.045308
112.9,0.039144
112.97,0.050228
113.04,0.084301
113.12,0.1418
113.19,0.21795
113.26,0.30691
113.34,0.37988
113.42,0.42447
113.5,0.43976
113.56,0.43393
113.64,0.41208
113.71,0.38929
113.78,0.37227
113.86,0.36194
113.93,0.35445
114,0.35354
114.08,0.36114
114.15,0.37344
114.22,0.38343
114.29,0.38749
114.37,0.37484
114.45,0.33891
114.52,0.28594
114.6,0.22856
114.67,0.17358
114.74,0.12752
114.81,0.095902
114.89,0.075822
114.97,0.061203
115.04,0.049719
115.11,0.048504
115.19,0.067393
115.26,0.1102
115.33,0.17639
115.39,0.26075
115.47,0.34629
115.54,0.41014
115.61,0.44462
115.69,0.45077
115.76,0.43676
115.83,0.41252
115.9,0.39021
115.97,0.37367
116.04,0.36288
116.12,0.35445
116.19,0.35358
116.26,0.36121
116.34,0.37259
116.41,0.38122
116.48,0.38391
116.55,0.36661
116.63,0.32559
116.7,0.27083
116.77,0.21393
116.84,0.15945
116.91,0.11666
116.98,0.088752
117.05,0.070504
117.12,0.056344
117.19,0.044883
117.26,0.041863
117.34,0.058903
117.41,0.099861
117.48,0.16372
117.56,0.24662
117.63,0.33341
117.71,0.39903
117.78,0.43528
117.85,0.44418
117.92,0.43247
117.99,0.4092
118.06,0.38737
118.13,0.37132
118.21,0.36054
118.28,0.35212
118.35,0.34839
118.42,0.35364
118.49,0.36595
118.56,0.37873
118.63,0.38693
118.7,0.38222
118.77,0.35415
118.83,0.30617
118.91,0.24962
118.98,0.19276
119.05,0.14293
119.12,0.10624
119.2,0.081622
119.27,0.064753
119.35,0.052811
119.43,0.045306
119.5,0.055939
119.57,0.090448
119.64,0.14795
119.72,0.22322
119.79,0.31134
119.87,0.38347
119.94,0.42721
120.01,0.44162
120.08,0.43536
120.15,0.41256
120.22,0.38884
120.29,0.37087
120.36,0.36007
120.43,0.35211
120.5,0.34697
120.57,0.34985
120.64,0.35933
120.71,0.36928
120.78,0.37465
120.86,0.37179
120.93,0.34751
121,0.30238
121.07,0.24775
121.15,0.19326
121.23,0.14344
121.31,0.1058
121.38,0.081611
121.45,0.065188
121.52,0.052373
121.6,0.042672
121.67,0.050167
121.75,0.081093
121.82,0.13637
121.89,0.2117
121.96,0.30298
122.03,0.38064
122.1,0.4299
122.17,0.4489
122.25,0.44487
122.32,0.42205
122.39,0.39687
122.46,0.37746
122.54,0.36476
122.61,0.35632
122.68,0.35399
122.76,0.36018
122.83,0.37202
122.9,0.38294
122.97,0.3879
123.05,0.379
123.11,0.34677
123.19,0.2956
123.26,0.23819
123.33,0.18229
123.41,0.13344
123.48,0.098181
123.57,0.075415
123.64,0.059891
123.71,0.047522
123.78,0.04449
123.86,0.062406
123.93,0.10424
124.01,0.16814
124.07,0.25065
124.14,0.33753
124.21,0.40322
124.29,0.43956
124.36,0.448
124.43,0.43675
124.5,0.41299
124.57,0.39068
124.65,0.37461
124.72,0.36428
124.8,0.35539
124.86,0.35307
124.94,0.35975
125.01,0.37111
125.09,0.38111
125.16,0.38564
125.23,0.37441
125.31,0.33939
125.38,0.28777
125.45,0.23127
125.52,0.17718
125.59,0.13108
125.66,0.09902
125.73,0.077611
125.8,0.061664
125.87,0.048852
125.94,0.040033
126.02,0.047495
126.09,0.078832
126.16,0.13403
126.24,0.20885
126.31,0.29917
126.38,0.37634
126.45,0.42465
126.53,0.44413
126.6,0.44059
126.67,0.41919
126.74,0.39544
126.82,0.37838
126.89,0.36662
126.96,0.35866
127.03,0.35493
127.11,0.35971
127.18,0.36966
127.25,0.37963
127.32,0.38411
127.39,0.37567
127.47,0.3444
127.54,0.29463
127.61,0.23814
127.68,0.1836
127.76,0.13611
127.83,0.10172
127.9,0.078947
127.97,0.062989
128.04,0.049735
128.11,0.043575
128.19,0.058362
128.27,0.097511
128.35,0.15916
128.42,0.23944
128.5,0.32855
128.57,0.39602
128.64,0.43413
128.71,0.44435
128.78,0.43441
128.85,0.40924
128.92,0.38646
129,0.36993
129.07,0.3596
129.14,0.35211
129.21,0.35119
129.28,0.3583
129.35,0.37105
129.42,0.38288
129.5,0.38875
129.57,0.38029
129.64,0.349
129.72,0.29877
129.8,0.24136
129.87,0.18546
129.95,0.13661
130.02,0.10087
130.1,0.078063
130.17,0.062536
130.24,0.050165
130.31,0.047582
130.38,0.065468
130.46,0.10688
130.53,0.17032
130.6,0.25237
130.67,0.33788
130.74,0.40317
130.81,0.43856
130.89,0.44702
130.96,0.43533
131.04,0.41204
131.13,0.38972
131.2,0.37413
131.28,0.36381
131.35,0.35819
131.43,0.3606
131.52,0.36961
131.59,0.37816
131.66,0.38169
131.74,0.37327
131.82,0.343
131.9,0.2924
131.99,0.23417
132.09,0.17745
132.16,0.12774
132.24,0.091542
132.31,0.069199
132.39,0.054583
132.46,0.048872
132.54,0.064123
132.63,0.10374
132.7,0.16537
132.78,0.24562
132.86,0.332
132.93,0.39764
133.02,0.43345
133.09,0.44187
133.18,0.43013
133.26,0.40592
133.34,0.38316
133.43,0.36711
133.52,0.35819
133.6,0.35826
133.67,0.36586
133.74,0.37441
133.81,0.37885
133.9,0.37504
133.98,0.34982
134.05,0.30421
134.12,0.25
134.19,0.19593
134.26,0.14611
134.33,0.1098
134.4,0.08604
134.47,0.069605
134.54,0.056779
134.62,0.047076
134.69,0.050903
134.76,0.077638
134.83,0.12829
134.91,0.19804
134.99,0.28367
135.07,0.36033
135.16,0.41054
135.24,0.43044
135.32,0.42923
135.4,0.41068
135.47,0.38791
135.55,0.36946
135.62,0.35913
135.7,0.35305
135.77,0.35594
135.84,0.36637
135.91,0.37821
135.99,0.38454
136.06,0.38125
136.13,0.35556
136.21,0.30807
136.28,0.25108
136.36,0.1947
136.43,0.14392
136.5,0.1058
136.57,0.081611
136.65,0.065188
136.72,0.052811
136.79,0.043548
136.86,0.051011
136.94,0.081905
137.01,0.13715
137.09,0.21157
137.16,0.30147
137.24,0.37821
137.31,0.42657
137.39,0.44465
137.46,0.44062
137.53,0.4192
137.6,0.39544
137.67,0.37744
137.74,0.36661
137.81,0.35912
137.88,0.35491
137.95,0.3592
138.03,0.36962
138.1,0.37958
138.17,0.38404
138.24,0.37793
138.32,0.34899
138.4,0.30061
138.47,0.24367
138.54,0.18825
138.62,0.1389
138.69,0.1031
138.76,0.079387
138.84,0.064298
138.91,0.052365
138.99,0.048889
139.07,0.065482
139.14,0.10692
139.21,0.17043
139.28,0.25303
139.35,0.34043
139.42,0.40708
139.5,0.44341
139.57,0.45184
139.64,0.43963
139.72,0.41491
139.79,0.39163
139.87,0.37508
139.94,0.36475
140.02,0.35678
140.09,0.35731
140.17,0.36682
140.24,0.37961
140.31,0.38918
140.39,0.39236
140.46,0.37551
140.54,0.33487
140.61,0.28002
140.69,0.22258
140.76,0.16847
140.84,0.12515
140.91,0.095864
140.98,0.077143
141.06,0.063405
141.13,0.05192
141.2,0.055739
141.27,0.081547
141.34,0.13137
141.41,0.20225
141.48,0.29128
141.56,0.37136
141.63,0.42686
141.71,0.45149
141.78,0.45113
141.86,0.43155
141.93,0.40776
142,0.38733
142.08,0.37412
142.15,0.36567
142.22,0.36146
142.29,0.36483
142.37,0.3748
142.44,0.38431
142.51,0.38878
142.59,0.38174
142.66,0.35228
142.73,0.30338
142.8,0.24774
142.87,0.19314
142.95,0.1451
143.02,0.11063
143.09,0.088686
143.16,0.073574
143.23,0.061624
143.31,0.057231
143.4,0.072474
143.48,0.11169
143.56,0.17297
143.63,0.25244
143.71,0.3385
143.78,0.40427
143.85,0.44014
143.92,0.4481
143.99,0.43632
144.07,0.41114
144.14,0.3874
144.21,0.37086
144.28,0.36147
144.36,0.35444
144.43,0.35687
144.5,0.36779
144.57,0.3806
144.64,0.38925
144.71,0.39198
144.79,0.37232
144.86,0.32982
144.93,0.27453
145.01,0.21756
145.08,0.16344
145.16,0.12198
145.23,0.094508
145.3,0.076691
145.38,0.062962
145.45,0.051925
145.52,0.052971
145.59,0.074165
145.66,0.11928
145.73,0.18729
145.8,0.27304
145.88,0.35539
145.95,0.41553
146.02,0.44631
146.09,0.44973
146.16,0.4339
146.23,0.4106
146.3,0.38971
146.37,0.37553
146.44,0.36708
146.51,0.36005
146.58,0.35963
146.66,0.36868
146.73,0.3815
146.81,0.392
146.88,0.3975
146.95,0.3844
147.02,0.34653
147.1,0.2921
147.17,0.23324
147.25,0.17633
147.32,0.13019
147.39,0.098561
147.46,0.078913
147.54,0.065165
147.61,0.05412
147.69,0.053352
147.76,0.073612
147.83,0.1174
147.9,0.18369
147.98,0.2686
148.05,0.35378
148.13,0.41677
148.2,0.44986
148.28,0.45506
148.35,0.4401
148.42,0.41537
148.49,0.39209
148.56,0.37555
148.63,0.36522
148.71,0.35772
148.78,0.35873
148.85,0.36776
148.93,0.37914
149,0.38637
149.07,0.3863
149.15,0.3643
149.22,0.32095
149.3,0.26527
149.37,0.20838
149.45,0.15572
149.52,0.1157
149.6,0.089167
149.68,0.071818
149.75,0.058986
149.82,0.048395
149.89,0.053594
149.96,0.08179
150.03,0.1339
150.11,0.20655
150.18,0.29646
150.26,0.37509
150.33,0.42625
150.41,0.44803
150.48,0.44631
150.56,0.42582
150.63,0.40251
150.7,0.38449
150.78,0.37271
150.85,0.36473
150.93,0.36335
151,0.37003
151.08,0.38141
151.15,0.39187
151.22,0.39684
151.29,0.38602
151.36,0.35231
151.43,0.30153
151.5,0.24493
151.57,0.18985
151.65,0.14278
151.72,0.10885
151.79,0.086483
151.86,0.070494
151.94,0.058097
152.01,0.05281
152.08,0.068038
152.16,0.10724
152.23,0.16851
152.3,0.24799
152.38,0.33634
152.46,0.40396
152.53,0.44167
152.6,0.45241
152.68,0.44293
152.75,0.41867
152.82,0.39632
152.89,0.38071
152.97,0.3699
153.04,0.36146
153.12,0.36153
153.19,0.36917
153.26,0.37869
153.34,0.38547
153.42,0.3854
153.5,0.36438
153.57,0.32054
153.65,0.26532
153.73,0.20886
153.8,0.15707
153.88,0.11788
153.95,0.093579
154.02,0.078433
154.09,0.066919
154.17,0.056764
154.24,0.061518
154.31,0.087904
154.39,0.13782
154.46,0.2087
154.53,0.29778
154.61,0.37695
154.68,0.42958
154.75,0.45231
154.82,0.45201
154.89,0.43198
154.96,0.40725
155.04,0.38826
155.11,0.37647
155.18,0.36755
155.25,0.3638
155.33,0.36856
155.4,0.37851
155.48,0.38754
155.55,0.39245
155.62,0.38536
155.69,0.35679
155.76,0.30924
155.83,0.2545
155.91,0.19989
155.98,0.15185
156.05,0.11646
156.13,0.094021
156.2,0.078881
156.27,0.067358
156.34,0.058956
156.41,0.065964
156.48,0.094606
156.56,0.14677
156.63,0.21904
156.7,0.30682
156.78,0.38232
156.85,0.43175
156.93,0.45128
157,0.44774
157.07,0.42631
157.15,0.40346
157.22,0.38495
157.29,0.37318
157.36,0.3652
157.44,0.36288
157.51,0.36767
157.58,0.37857
157.66,0.3881
157.73,0.39213
157.81,0.38183
157.88,0.34866
157.95,0.29699
158.03,0.24043
158.1,0.18539
158.17,0.13875
158.25,0.10614
158.32,0.085133
158.4,0.0696
158.47,0.057223
158.54,0.050625
158.61,0.062667
158.68,0.099558
158.75,0.15988
158.83,0.23978
158.91,0.32945
158.97,0.40171
159.05,0.44411
159.12,0.45765
159.19,0.44959
159.27,0.42626
159.34,0.40248
159.41,0.38448
159.48,0.37319
159.56,0.36474
159.63,0.36385
159.7,0.37149
159.78,0.38335
159.85,0.39245
159.92,0.3956
160,0.37967
160.07,0.34041
160.14,0.28644
160.21,0.22941
160.28,0.17524
160.35,0.13232
160.42,0.10386
160.49,0.085549
160.56,0.071796
160.63,0.060301
160.71,0.053681
160.78,0.063875
160.85,0.097552
160.92,0.15564
160.99,0.23286
161.06,0.32161
161.14,0.3953
161.21,0.44006
161.29,0.45448
161.36,0.44775
161.44,0.42489
161.51,0.40062
161.58,0.3826
161.66,0.37131
161.73,0.36286
161.8,0.36149
161.87,0.36865
161.94,0.38144
162.02,0.39333
162.09,0.39972
162.16,0.38891
162.23,0.35522
162.31,0.30304
162.38,0.24504
162.46,0.189
162.53,0.14234
162.6,0.10883
162.68,0.087793
162.76,0.072695
162.83,0.060306
162.9,0.058187
162.97,0.077061
163.04,0.11903
163.11,0.18443
163.18,0.26849
163.26,0.35372
163.33,0.41725
163.4,0.4518
163.48,0.45796
163.55,0.44344
163.62,0.41916
163.69,0.39727
163.76,0.38164
163.83,0.37177
163.89,0.3652
163.97,0.36287
164.04,0.3686
164.11,0.3795
164.18,0.38949
164.26,0.39352
164.33,0.38368
164.4,0.35095
164.48,0.30019
164.55,0.24361
164.62,0.189
164.69,0.14278
164.76,0.11015
164.84,0.089556
164.91,0.075337
164.98,0.063828
165.05,0.057206
165.13,0.070698
165.2,0.10816
165.29,0.16818
165.36,0.24638
165.43,0.3352
165.5,0.40323
165.57,0.44137
165.65,0.45109
165.72,0.44155
165.79,0.41774
165.87,0.39538
165.95,0.37976
166.02,0.37083
166.09,0.3638
166.16,0.36434
166.24,0.37293
166.31,0.38433
166.38,0.39159
166.46,0.39246
166.53,0.37233
166.6,0.32982
166.67,0.2745
166.75,0.21841
166.83,0.16564
166.9,0.12507
166.97,0.09849
167.04,0.081118
167.11,0.067816
167.2,0.057644
167.28,0.062828
167.35,0.09009
167.42,0.14181
167.49,0.21411
167.57,0.30327
167.64,0.38206
167.71,0.43431
167.78,0.45569
167.85,0.45303
167.93,0.43156
168,0.40634
168.09,0.38685
168.16,0.37459
168.24,0.36614
168.31,0.36478
168.39,0.37194
168.46,0.38239
168.54,0.39147
168.61,0.39553
168.68,0.38236
168.75,0.34631
168.82,0.29463
168.89,0.23761
168.96,0.18299
169.03,0.13778
169.11,0.1057
169.19,0.085133
169.26,0.070925
169.33,0.058975
169.41,0.059149
169.48,0.08176
169.58,0.1279
169.65,0.19557
169.73,0.28144
169.8,0.36433
169.87,0.42312
169.95,0.45201
170.02,0.45495
170.1,0.43816
170.19,0.41343
170.26,0.39159
170.33,0.37648
170.41,0.36662
170.48,0.36478
170.56,0.37194
170.63,0.38427
170.7,0.39477
170.77,0.39932
170.85,0.38572
170.92,0.34924
170.99,0.29569
171.07,0.23815
171.14,0.18304
171.21,0.13779
171.28,0.10612
171.36,0.086014
171.43,0.071365
171.5,0.059857
171.57,0.056355
171.64,0.072489
171.72,0.11259
171.8,0.17525
171.87,0.25613
171.94,0.34271
172.01,0.40899
172.09,0.44537
172.16,0.4538
172.23,0.44202
172.29,0.41775
172.36,0.39539
172.43,0.38023
172.49,0.37082
172.56,0.36426
172.63,0.36004
172.7,0.36388
172.78,0.37434
172.85,0.38621
172.92,0.39301
173,0.39201
173.06,0.36857
173.13,0.32373
173.21,0.26887
173.28,0.21372
173.35,0.16235
173.44,0.12367
173.51,0.09849
173.58,0.081118
173.65,0.067816
173.73,0.058967
173.8,0.067351
173.87,0.099272
173.95,0.15516
174.02,0.23067
174.09,0.31993
174.17,0.39506
174.24,0.44073
174.32,0.45603
174.39,0.44922
174.47,0.4254
174.54,0.39923
174.61,0.3798
174.69,0.36803
174.77,0.35959
174.84,0.35918
174.91,0.36822
174.99,0.38149
175.06,0.39199
175.13,0.39655
175.21,0.38156
175.28,0.34277
175.36,0.28833
175.43,0.23083
175.51,0.17574
175.58,0.13234
175.65,0.10297
175.73,0.084225
175.8,0.070469
175.87,0.059856
175.94,0.058182
176.01,0.078017
176.09,0.12231
176.16,0.18819
176.24,0.27229
176.31,0.358
176.39,0.4201
176.46,0.45179
176.53,0.45747
176.6,0.44247
176.68,0.41724
176.75,0.39537
176.82,0.37977
176.9,0.36896
176.97,0.36193
177.05,0.36389
177.12,0.37295
177.19,0.38434
177.26,0.39207
177.33,0.39156
177.4,0.3686
177.47,0.32469
177.54,0.26983
177.61,0.21421
177.69,0.16327
177.76,0.12545
177.84,0.10026
177.91,0.083767
177.98,0.07135
178.05,0.060737
178.13,0.062736
178.2,0.086774
178.27,0.13488
178.35,0.20405
178.43,0.29136
178.5,0.37246
178.57,0.42846
178.65,0.45304
178.72,0.45264
178.8,0.43302
178.86,0.40778
178.94,0.38686
179.01,0.37365
179.08,0.3652
179.16,0.36146
179.23,0.36672
179.31,0.37764
179.38,0.38811
179.46,0.39353
179.53,0.38695
179.6,0.35652
179.68,0.30712
179.76,0.25097
179.83,0.19587
179.9,0.14733
179.97,0.11286
180.04,0.091346
180.11,0.076666
180.19,0.065148
180.26,0.057634
180.33,0.067379
180.41,0.099729
180.48,0.15561
180.55,0.2311
180.63,0.32034
180.7,0.39451
180.77,0.44067
180.84,0.45692
180.91,0.45107
180.98,0.42867
181.06,0.40486
181.13,0.38682
181.2,0.37552
181.27,0.36754
181.35,0.36475
181.42,0.37048
181.5,0.38187
181.57,0.39188
181.64,0.3964
181.71,0.3861
181.79,0.35291
181.86,0.30074
181.94,0.24368
182.01,0.18857
182.08,0.14234
182.16,0.10969
182.23,0.089556
182.3,0.075337
182.37,0.063828
182.44,0.058098
182.52,0.071526
182.59,0.10941
182.66,0.16986
182.74,0.24944
182.81,0.33784
182.89,0.40738
182.96,0.44652
183.03,0.4577
183.1,0.44772
183.18,0.4239
183.25,0.40011
183.33,0.38306
183.41,0.37178
183.48,0.36334
183.55,0.36293
183.62,0.37198
183.7,0.3848
183.77,0.39531
183.85,0.39988
183.92,0.38439
183.99,0.3451
184.06,0.29063
184.14,0.2331
184.22,0.17842
184.29,0.13502
184.36,0.10608
184.43,0.087767
184.51,0.074007
184.58,0.062505
184.66,0.065925
184.73,0.091422
184.8,0.14138
184.87,0.21283
184.95,0.30248
185.02,0.38266
185.1,0.43724
185.17,0.46095
185.25,0.45967
185.32,0.43866
185.39,0.41296
185.47,0.39064
185.55,0.37555
185.61,0.36522
185.69,0.35912
185.76,0.36202
185.82,0.37342
185.9,0.38716
185.96,0.39721
186.03,0.39805
186.1,0.3769
186.17,0.33432
186.24,0.27942
186.32,0.22328
186.39,0.17141
186.46,0.1322
186.54,0.10562
186.61,0.088655
186.69,0.075773
186.76,0.065589
186.84,0.069911
186.91,0.097241
186.98,0.14859
187.05,0.22007
187.13,0.30887
187.2,0.38724
187.27,0.43857
187.35,0.45902
187.42,0.45588
187.5,0.43393
187.57,0.40869
187.64,0.38873
187.71,0.376
187.79,0.36754
187.86,0.36428
187.93,0.37002
188.01,0.38141
188.08,0.39189
188.15,0.39733
188.22,0.3898
188.3,0.35931
188.37,0.31028
188.44,0.25544
188.51,0.20164
188.59,0.15446
188.67,0.11999
188.74,0.097588
188.81,0.08156
188.88,0.068695
188.96,0.064755
189.03,0.081421
189.11,0.12211
189.18,0.18536
189.25,0.26774
189.32,0.3554
189.39,0.42177
189.46,0.45816
189.53,0.46614
189.6,0.45296
189.67,0.42628
189.74,0.40154
189.81,0.38355
189.89,0.37225
189.96,0.3638
190.04,0.36337
190.11,0.37195
190.18,0.38523
190.26,0.39622
190.33,0.4017
190.41,0.38904
190.48,0.35253
190.55,0.29894
190.63,0.24182
190.7,0.18665
190.77,0.1418
190.85,0.11144
190.92,0.093096
191,0.079314
191.07,0.068682
191.14,0.066528
191.21,0.084087
191.29,0.12523
191.36,0.18936
191.43,0.27176
191.51,0.35758
191.58,0.42258
191.65,0.45761
191.73,0.46469
191.8,0.45105
191.87,0.42626
191.95,0.40246
192.02,0.38495
192.09,0.37319
192.17,0.36474
192.24,0.36529
192.32,0.37436
192.38,0.38624
192.46,0.39491
192.53,0.39624
192.61,0.37515
192.68,0.33213
192.75,0.27722
192.83,0.22064
192.9,0.16829
192.98,0.12907
193.05,0.10294
193.12,0.085984
193.2,0.073998
193.26,0.064259
193.34,0.06993
193.42,0.099096
193.49,0.15184
193.56,0.22428
193.64,0.31404
193.71,0.39198
193.78,0.44192
193.86,0.46142
193.93,0.45732
194.01,0.43441
194.08,0.40869
194.15,0.38873
194.23,0.37646
194.3,0.36848
194.37,0.36426
194.45,0.36905
194.52,0.38045
194.59,0.39233
194.66,0.39961
194.73,0.3972
194.81,0.37139
194.88,0.32514
194.95,0.26934
195.03,0.21368
195.1,0.16275
195.17,0.12543
195.24,0.10114
195.31,0.084658
195.39,0.072227
195.46,0.064259
195.54,0.074062
195.61,0.1074
195.68,0.16471
195.76,0.24076
195.83,0.33011
195.9,0.40294
195.97,0.44678
196.05,0.46072
196.12,0.45299
196.2,0.42869
196.27,0.40392
196.35,0.38542
196.43,0.37365
196.5,0.3652
196.58,0.36479
196.65,0.37338
196.72,0.38572
196.8,0.39623
196.87,0.40125
196.94,0.38717
197.02,0.34923
197.09,0.29611
197.16,0.23901
197.24,0.18387
197.31,0.13952
197.38,0.10967
197.46,0.090877
197.53,0.077979
197.6,0.06823
197.68,0.069697
197.75,0.091838
197.82,0.13756
197.9,0.20399
197.97,0.2882
198.04,0.37083
198.11,0.43025
198.18,0.45969
198.25,0.4631
198.32,0.44674
198.39,0.42149
198.46,0.39913
198.54,0.38353
198.61,0.37365
198.68,0.36614
198.76,0.36668
198.83,0.37575
198.91,0.38763
198.98,0.39584
199.05,0.39765
199.13,0.3789
199.2,0.33726
199.27,0.28234
199.35,0.22618
199.42,0.17378
199.49,0.13312
199.57,0.10605
199.65,0.088654
199.72,0.075337
199.79,0.064267
199.86,0.068119
199.94,0.094979
200.01,0.14679
200.09,0.21826
200.16,0.30656
200.24,0.38541
200.32,0.43721
200.39,0.45716
200.46,0.45495
200.54,0.4344
200.61,0.40915
200.68,0.38919
200.76,0.37694
200.83,0.36755
200.9,0.36428
200.97,0.3705
201.05,0.38237
201.12,0.39378
201.19,0.40108
201.26,0.39354
201.34,0.36214
201.41,0.31177
201.49,0.2551
201.56,0.19857
201.64,0.15003
201.71,0.11554
201.78,0.094018
201.85,0.07888
201.92,0.067359
201.99,0.060728
202.07,0.072779
202.14,0.10841
202.22,0.16713
202.29,0.24547
202.37,0.33578
202.44,0.40865
202.51,0.45155
202.58,0.465
202.66,0.45633
202.73,0.432
202.81,0.40675
202.88,0.38824
202.96,0.37693
203.03,0.36895
203.1,0.36902
203.17,0.37808
203.25,0.39091
203.32,0.4005
203.39,0.40416
203.46,0.3877
203.53,0.34835
203.6,0.29427
203.68,0.23804
203.75,0.18467
203.82,0.14215
203.9,0.11365
203.97,0.094881
204.04,0.080657
204.12,0.069131
204.2,0.07019
204.27,0.091923
204.35,0.13856
204.42,0.2049
204.51,0.28855
204.58,0.36832
204.66,0.42485
204.73,0.45099
204.8,0.45444
204.87,0.43907
204.95,0.41622
205.02,0.39626
205.09,0.38305
205.16,0.37318
205.23,0.36614
205.3,0.3681
205.38,0.37666
205.45,0.38431
205.54,0.38738
205.61,0.38219
205.68,0.35456
205.76,0.30745
205.83,0.2545
205.91,0.2026
205.98,0.15495
206.06,0.11999
206.13,0.097582
206.2,0.081557
206.28,0.069134
206.35,0.067909
206.42,0.087724
206.5,0.13205
206.57,0.19899
206.64,0.28418
206.71,0.36963
206.78,0.43382
206.85,0.46706
206.92,0.47181
206.99,0.45585
207.06,0.42962
207.13,0.40437
207.2,0.38636
207.27,0.37459
207.35,0.36568
207.43,0.36527
207.5,0.37434
207.58,0.38764
207.65,0.3991
207.73,0.40507
207.8,0.39098
207.87,0.35303
207.95,0.29941
208.02,0.2418
208.09,0.18615
208.17,0.14177
208.26,0.11145
208.33,0.091335
208.4,0.076671
208.48,0.065157
208.55,0.066703
208.63,0.091257
208.7,0.14121
208.77,0.21177
208.85,0.30013
208.93,0.38274
209,0.43879
209.08,0.46345
209.15,0.46356
209.22,0.44344
209.29,0.41675
209.38,0.39441
209.46,0.3793
209.53,0.36943
209.6,0.36853
209.68,0.3776
209.75,0.39089
209.83,0.40189
209.9,0.40646
209.98,0.39192
210.05,0.35256
210.12,0.29803
210.19,0.24042
210.27,0.18524
210.34,0.14085
210.42,0.111
210.5,0.092214
210.57,0.077992
210.64,0.066479
210.72,0.068491
210.79,0.093026
210.86,0.14163
210.94,0.2113
211.02,0.29963
211.09,0.3813
211.16,0.43736
211.24,0.46249
211.31,0.46353
211.39,0.44436
211.46,0.41909
211.55,0.39769
211.62,0.38305
211.7,0.37224
211.77,0.36852
211.84,0.37428
211.92,0.38616
211.98,0.3976
212.05,0.40446
212.13,0.3955
212.2,0.36314
212.27,0.31268
212.34,0.25686
212.42,0.20252
212.49,0.15666
212.56,0.12441
212.64,0.10334
212.71,0.088198
212.79,0.076209
212.86,0.071359
212.93,0.085709
213.01,0.12502
213.08,0.18693
213.16,0.26667
213.23,0.35394
213.3,0.42229
213.38,0.4597
213.46,0.46862
213.54,0.45726
213.61,0.43151
213.68,0.40579
213.75,0.38778
213.83,0.37647
213.9,0.36848
213.97,0.37092
214.04,0.38139
214.12,0.39233
214.19,0.39913
214.27,0.3986
214.33,0.37512
214.41,0.33067
214.48,0.27622
214.56,0.22055
214.63,0.16911
214.7,0.13039
214.77,0.10428
214.84,0.08688
214.92,0.074446
215,0.064259
215.07,0.068993
215.14,0.096736
215.21,0.14855
215.29,0.22054
215.36,0.30984
215.43,0.38921
215.5,0.442
215.57,0.46386
215.64,0.46163
215.71,0.44058
215.78,0.41578
215.86,0.39532
215.94,0.3821
216.01,0.37317
216.08,0.3666
216.15,0.36905
216.22,0.37953
216.3,0.39142
216.37,0.39917
216.45,0.40004
216.52,0.37796
216.59,0.33395
216.66,0.27946
216.73,0.22377
216.81,0.1714
216.88,0.13174
216.96,0.10562
217.03,0.088212
217.1,0.075768
217.17,0.066903
217.24,0.075309
217.32,0.10682
217.4,0.16141
217.47,0.23475
217.55,0.32316
217.62,0.39694
217.69,0.4417
217.77,0.457
217.84,0.45063
217.91,0.42774
217.99,0.40345
218.07,0.38635
218.14,0.37599
218.21,0.36941
218.28,0.36996
218.36,0.37951
218.44,0.39187
218.51,0.4024
218.59,0.40651
218.66,0.39097
218.73,0.35203
218.81,0.29929
218.88,0.24258
218.96,0.18829
219.03,0.1453
219.1,0.11591
219.17,0.096219
219.25,0.081983
219.32,0.071336
219.4,0.071469
219.47,0.093207
219.55,0.13946
219.62,0.20778
219.69,0.29301
219.76,0.37757
219.84,0.43748
219.92,0.46691
219.99,0.46936
220.07,0.45296
220.14,0.42672
220.21,0.40526
220.29,0.39057
220.36,0.38115
220.43,0.37457
220.5,0.37651
220.57,0.3851
220.64,0.39462
220.72,0.40048
220.79,0.39761
220.86,0.37373
220.94,0.32839
221.01,0.27305
221.08,0.21738
221.16,0.16732
221.23,0.1299
221.3,0.10602
221.37,0.090851
221.45,0.079746
221.53,0.072211
221.6,0.082922
221.68,0.11771
221.75,0.17608
221.82,0.25323
221.89,0.34324
221.97,0.41625
222.05,0.45922
222.12,0.47176
222.2,0.46257
222.27,0.43773
222.35,0.41242
222.42,0.39342
222.49,0.38209
222.57,0.37364
222.64,0.37324
222.71,0.38138
222.78,0.39327
222.86,0.40194
222.93,0.40514
223.01,0.38822
223.08,0.34837
223.16,0.29473
223.23,0.23893
223.31,0.186
223.38,0.14391
223.46,0.11544
223.54,0.096661
223.61,0.08243
223.68,0.071338
223.75,0.074217
223.83,0.099185
223.9,0.14916
223.98,0.22076
224.05,0.30928
224.12,0.3916
224.18,0.44876
224.26,0.47399
224.33,0.47269
224.4,0.45252
224.47,0.42578
224.55,0.40337
224.62,0.38868
224.69,0.37974
224.77,0.37363
224.84,0.37654
224.91,0.38607
224.99,0.39655
225.06,0.40243
225.14,0.39912
225.21,0.37333
225.29,0.32704
225.36,0.27121
225.44,0.21597
225.52,0.16679
225.59,0.13032
225.67,0.10691
225.74,0.091744
225.82,0.079754
225.89,0.076262
225.97,0.093376
226.04,0.13408
226.11,0.19739
226.19,0.27896
226.26,0.3635
226.34,0.4272
226.41,0.46139
226.48,0.46709
226.56,0.45297
226.63,0.42864
226.7,0.40576
226.78,0.3901
226.86,0.38068
226.93,0.37317
227.01,0.37372
227.08,0.38233
227.16,0.39235
227.23,0.39962
227.3,0.40141
227.37,0.38168
227.45,0.33998
227.52,0.28684
227.6,0.232
227.67,0.18002
227.75,0.14026
227.82,0.11319
227.9,0.094882
227.98,0.080659
228.05,0.072234
228.13,0.083456
228.2,0.12009
228.28,0.17928
228.36,0.25674
228.45,0.34483
228.52,0.41355
228.59,0.45084
228.67,0.4611
228.74,0.45154
228.81,0.42722
228.89,0.40387
228.97,0.38869
229.04,0.3788
229.11,0.37082
229.18,0.37138
229.25,0.38046
229.32,0.39235
229.39,0.40195
229.46,0.40652
229.53,0.39001
229.6,0.35063
229.68,0.29789
229.75,0.24209
229.82,0.18825
229.9,0.14618
229.98,0.11857
230.05,0.099764
230.12,0.085967
230.19,0.075319
230.27,0.074993
230.34,0.09494
230.42,0.14034
230.49,0.20689
230.57,0.29122
230.64,0.37534
230.71,0.4357
230.79,0.46415
230.86,0.46748
230.93,0.45153
231.01,0.42622
231.08,0.4043
231.15,0.3901
231.23,0.38021
231.3,0.37553
231.38,0.37986
231.46,0.39079
231.53,0.40128
231.6,0.40718
231.68,0.39962
231.75,0.36958
231.82,0.32049
231.9,0.26509
231.98,0.21074
232.06,0.16392
232.13,0.12981
232.2,0.1078
232.28,0.091754
232.35,0.079314
232.43,0.077187
232.49,0.096147
232.57,0.13919
232.63,0.20625
232.7,0.29114
232.77,0.3772
232.85,0.44147
232.92,0.47571
232.99,0.47999
233.06,0.46445
233.14,0.43817
233.21,0.41381
233.29,0.39576
233.37,0.38445
233.45,0.37552
233.52,0.37607
233.6,0.38421
233.67,0.3947
233.75,0.40151
233.82,0.40146
233.89,0.37893
233.97,0.33538
234.04,0.28087
234.12,0.22559
234.2,0.17454
234.27,0.13664
234.35,0.11138
234.42,0.09486
234.49,0.082856
234.56,0.073979
234.64,0.080547
234.71,0.11115
234.79,0.1649
234.87,0.23742
234.94,0.3255
235.01,0.40174
235.08,0.44893
235.15,0.4666
235.23,0.46254
235.3,0.44101
235.38,0.41666
235.46,0.39812
235.54,0.38632
235.61,0.37786
235.69,0.37699
235.76,0.38417
235.84,0.39417
235.91,0.4005
235.99,0.39997
236.06,0.3798
236.13,0.33766
236.2,0.28361
236.28,0.22923
236.36,0.17953
236.43,0.14112
236.5,0.11583
236.57,0.099307
236.65,0.086412
236.72,0.075318
236.8,0.079178
236.87,0.1061
236.94,0.15802
237.01,0.23061
237.08,0.32055
237.16,0.40101
237.23,0.45437
237.31,0.4758
237.38,0.47263
237.45,0.45059
237.53,0.42385
237.61,0.4024
237.68,0.38868
237.75,0.37927
237.82,0.37269
237.88,0.37514
237.95,0.38517
238.02,0.39707
238.09,0.40623
238.16,0.40665
238.24,0.38503
238.31,0.34099
238.38,0.28599
238.47,0.22928
238.54,0.17818
238.62,0.13933
238.69,0.1145
238.76,0.097967
238.84,0.085518
238.91,0.077977
238.99,0.090128
239.06,0.12636
239.13,0.18612
239.21,0.26416
239.29,0.35285
239.36,0.42211
239.44,0.46135
239.51,0.47159
239.58,0.46203
239.66,0.43719
239.73,0.41333
239.8,0.39623
239.87,0.38538
239.95,0.37692
240.02,0.37698
240.09,0.38462
240.16,0.39321
240.25,0.39812
240.33,0.39617
240.4,0.37411
240.47,0.3306
240.55,0.27752
240.64,0.22412
240.71,0.17539
240.79,0.13795
240.86,0.11405
240.94,0.098407
241.01,0.086841
241.08,0.077075
241.15,0.082733
241.22,0.111
241.29,0.16389
241.36,0.23704
241.42,0.32754
241.49,0.40763
241.56,0.46061
241.64,0.48159
241.71,0.47744
241.78,0.45444
241.86,0.42766
241.94,0.40618
242.01,0.39244
242.09,0.38396
242.16,0.38115
242.23,0.38691
242.31,0.39786
242.38,0.40743
242.46,0.41194
242.53,0.40205
242.61,0.36872
242.68,0.31777
242.76,0.26191
242.84,0.20709
242.91,0.16072
242.99,0.12889
243.06,0.10867
243.14,0.093955
243.21,0.082407
243.28,0.084443
243.36,0.10865
243.44,0.15743
243.52,0.22733
243.59,0.31544
243.67,0.39592
243.74,0.44974
243.81,0.47207
243.9,0.4698
243.97,0.44823
244.05,0.42195
244.12,0.40098
244.2,0.38774
244.28,0.37926
244.35,0.3779
244.42,0.38556
244.5,0.39746
244.57,0.40752
244.65,0.41162
244.72,0.39845
244.79,0.36138
244.87,0.3086
244.94,0.25182
245.02,0.19791
245.09,0.15343
245.17,0.12349
245.24,0.10422
245.31,0.090405
245.39,0.079299
245.47,0.081267
245.54,0.10444
245.62,0.15218
245.69,0.22156
245.77,0.30876
245.84,0.39161
245.92,0.45022
245.99,0.47734
246.06,0.47792
246.14,0.45869
246.21,0.43147
246.29,0.40763
246.36,0.39199
246.43,0.38256
246.5,0.37738
246.57,0.38169
246.64,0.39359
246.71,0.40548
246.78,0.41185
246.86,0.40805
246.94,0.38176
247.01,0.33446
247.08,0.27809
247.16,0.22233
247.24,0.17221
247.31,0.13525
247.39,0.11094
247.45,0.095303
247.53,0.083736
247.6,0.077974
247.67,0.092415
247.75,0.13187
247.83,0.19403
247.9,0.27448
247.97,0.36471
248.05,0.43358
248.12,0.47144
248.19,0.47977
248.27,0.46734
248.34,0.44056
248.42,0.41571
248.49,0.39811
248.56,0.38726
248.64,0.37926
248.71,0.37886
248.79,0.38748
248.86,0.39939
248.94,0.40901
249.01,0.41221
249.09,0.39577
249.16,0.35543
249.24,0.30083
249.31,0.24315
249.39,0.18924
249.46,0.14663
249.54,0.11855
249.62,0.10108
249.69,0.088619
249.76,0.078408
249.83,0.08362
249.9,0.11101
249.97,0.16203
250.04,0.23372
250.11,0.32323
250.18,0.40232
250.25,0.45522
250.33,0.4781
250.4,0.47683
250.47,0.45623
250.55,0.43138
250.62,0.41089
250.7,0.39669
250.78,0.38632
250.85,0.38212
250.93,0.38742
251.01,0.39791
251.08,0.40749
251.16,0.41203
251.23,0.40073
251.31,0.36552
251.39,0.31321
251.46,0.25643
251.54,0.2016
251.61,0.15574
251.69,0.12441
251.76,0.10555
251.84,0.091731
251.9,0.081067
251.98,0.082093
252.06,0.10384
252.13,0.14883
252.2,0.21589
252.28,0.3003
252.36,0.38266
252.43,0.44222
252.5,0.4712
252.58,0.47412
252.65,0.45817
252.73,0.43427
252.8,0.41279
252.88,0.39856
252.95,0.38914
253.03,0.38539
253.1,0.3902
253.18,0.40068
253.25,0.41025
253.32,0.41523
253.4,0.40581
253.48,0.37296
253.56,0.322
253.63,0.26475
253.7,0.20855
253.77,0.16079
253.85,0.12713
253.93,0.10601
254,0.091735
254.07,0.081071
254.15,0.082597
254.22,0.1067
254.29,0.15448
254.37,0.2239
254.44,0.31114
254.52,0.394
254.59,0.45121
254.67,0.47784
254.74,0.4784
254.81,0.45962
254.89,0.43381
254.96,0.41185
255.03,0.39716
255.1,0.38726
255.17,0.3788
255.24,0.37887
255.31,0.38701
255.38,0.39702
255.46,0.40428
255.54,0.40605
255.61,0.38674
255.68,0.34547
255.76,0.29275
255.83,0.23788
255.9,0.18588
255.97,0.14565
256.05,0.11855
256.12,0.10065
256.19,0.087293
256.27,0.07664
256.34,0.081411
256.42,0.10924
256.49,0.16119
256.56,0.23381
256.64,0.3233
256.72,0.40238
256.79,0.45482
256.87,0.47578
256.94,0.4726
257.01,0.45152
257.09,0.42666
257.16,0.40616
257.24,0.39338
257.31,0.38444
257.39,0.38308
257.46,0.39029
257.54,0.40222
257.61,0.4123
257.68,0.41689
257.76,0.40185
257.83,0.36337
257.91,0.30917
257.98,0.25098
258.06,0.19611
258.13,0.15252
258.21,0.12347
258.28,0.10509
258.36,0.092615
258.44,0.081956
258.52,0.08625
258.59,0.11272
258.66,0.16327
258.73,0.23409
258.8,0.32317
258.87,0.40277
258.95,0.45619
259.02,0.47957
259.1,0.4783
259.17,0.45721
259.25,0.43141
259.32,0.40996
259.39,0.39528
259.46,0.38491
259.54,0.37786
259.61,0.37982
259.68,0.38984
259.75,0.40034
259.83,0.40717
259.9,0.40572
259.98,0.38178
260.06,0.33542
260.13,0.28042
260.2,0.22511
260.28,0.1745
260.35,0.13704
260.43,0.1136
260.51,0.097961
260.59,0.085951
260.66,0.084279
260.73,0.10377
260.81,0.14784
260.88,0.21407
260.95,0.29857
261.03,0.38377
261.1,0.44617
261.17,0.47755
261.25,0.48183
261.32,0.46677
261.4,0.44189
261.48,0.41943
261.55,0.40423
261.63,0.39385
261.7,0.38584
261.77,0.38591
261.85,0.39309
261.92,0.40168
261.99,0.40662
262.07,0.40374
262.14,0.38026
262.22,0.33623
262.29,0.28171
262.36,0.22778
262.44,0.17855
262.52,0.14109
262.59,0.11628
262.66,0.1002
262.74,0.087293
262.82,0.081995
262.9,0.096867
262.97,0.13676
263.04,0.19979
263.12,0.28156
263.19,0.3695
263.26,0.43706
263.34,0.4736
263.41,0.48061
263.49,0.46733
263.56,0.44197
263.64,0.41853
263.71,0.40234
263.78,0.39337
263.85,0.38631
263.91,0.38541
263.99,0.39261
264.05,0.40405
264.12,0.41272
264.2,0.41635
264.27,0.40221
264.34,0.3651
264.42,0.31181
264.5,0.25546
264.58,0.20106
264.65,0.15658
264.72,0.12574
264.79,0.10645
264.87,0.091742
264.94,0.080189
265.02,0.081249
265.09,0.10396
265.16,0.15079
265.23,0.22019
265.31,0.30741
265.38,0.39074
265.46,0.44982
265.53,0.47741
265.6,0.47797
265.68,0.45871
265.75,0.43195
265.82,0.40857
265.9,0.39339
265.97,0.3835
266.05,0.37833
266.12,0.38266
266.2,0.39361
266.27,0.40363
266.34,0.40908
266.42,0.40386
266.5,0.37519
266.57,0.32743
266.64,0.2729
266.72,0.21987
266.81,0.17161
266.88,0.13655
266.96,0.11317
267.04,0.096215
267.11,0.081982
267.19,0.079881
267.26,0.099832
267.33,0.1448
267.4,0.21281
267.47,0.30005
267.54,0.38711
267.61,0.45045
267.69,0.48277
267.76,0.48708
267.83,0.47014
267.9,0.44288
267.98,0.41899
268.05,0.40236
268.13,0.39196
268.2,0.38396
268.27,0.38546
268.34,0.39361
268.42,0.40317
268.5,0.40813
268.57,0.40714
268.65,0.38362
268.72,0.34
268.8,0.28633
268.87,0.2328
268.95,0.18304
269.02,0.14602
269.1,0.12075
269.17,0.10332
269.24,0.089526
269.31,0.081982
269.39,0.094609
269.47,0.1327
269.54,0.19438
269.61,0.2748
269.69,0.3641
269.76,0.433
269.84,0.47089
269.92,0.47926
270.01,0.46686
270.08,0.44009
270.15,0.41477
270.23,0.3967
270.3,0.38585
270.38,0.37785
270.45,0.37983
270.52,0.38987
270.6,0.40179
270.67,0.40956
270.74,0.41137
270.82,0.39017
270.89,0.34745
270.96,0.29374
271.04,0.23925
271.11,0.18808
271.19,0.15009
271.26,0.12433
271.34,0.10688
271.42,0.093956
271.49,0.086404
271.57,0.097658
271.64,0.13437
271.71,0.19468
271.79,0.27333
271.86,0.36218
271.94,0.43206
272.02,0.47138
272.09,0.48119
272.16,0.47018
272.23,0.44435
272.31,0.41997
272.37,0.40189
272.44,0.39103
272.51,0.38302
272.59,0.38211
272.66,0.38977
272.72,0.40309
272.8,0.41503
272.87,0.42145
272.95,0.41153
273.02,0.37766
273.1,0.32661
273.17,0.27017
273.25,0.21569
273.32,0.1697
273.39,0.13828
273.47,0.11759
273.55,0.10241
273.63,0.089953
273.7,0.086916
273.77,0.10416
273.84,0.14642
273.92,0.21179
273.99,0.29542
274.07,0.38158
274.14,0.44538
274.21,0.47816
274.29,0.4824
274.36,0.46729
274.43,0.44145
274.5,0.41757
274.58,0.40046
274.65,0.38962
274.72,0.38068
274.8,0.3803
274.87,0.38796
274.95,0.39658
275.03,0.40106
275.1,0.39867
275.18,0.37471
275.25,0.32974
275.32,0.27661
275.39,0.22406
275.46,0.17574
275.54,0.13969
275.61,0.11672
275.68,0.10108
275.75,0.08906
275.83,0.079289
275.89,0.084473
275.96,0.11232
276.03,0.16478
276.1,0.238
276.17,0.32903
276.24,0.41107
276.32,0.46594
276.39,0.48881
276.46,0.48605
276.54,0.46348
276.61,0.43572
276.68,0.4128
276.76,0.39763
276.83,0.38773
276.91,0.38208
276.98,0.38547
277.05,0.39595
277.13,0.40598
277.2,0.41095
277.28,0.4062
277.35,0.37892
277.43,0.33159
277.5,0.27793
277.57,0.22578
277.64,0.17837
277.72,0.14414
277.79,0.12252
277.86,0.10687
277.94,0.093947
278.01,0.087283
278.09,0.099425
278.16,0.13619
278.24,0.19655
278.31,0.27521
278.38,0.36411
278.46,0.4345
278.54,0.47381
278.61,0.48359
278.69,0.47352
278.76,0.44815
278.84,0.42327
278.92,0.40566
278.99,0.39526
279.06,0.38725
279.13,0.38826
279.21,0.39688
279.28,0.4069
279.35,0.41278
279.43,0.41223
279.5,0.39056
279.58,0.34739
279.65,0.29369
279.73,0.23967
279.8,0.18943
279.88,0.15098
279.95,0.12611
280.03,0.10954
280.1,0.096174
280.18,0.089525
280.26,0.10357
280.34,0.14175
280.42,0.20255
280.5,0.28253
280.57,0.3705
280.64,0.43707
280.72,0.47308
280.79,0.4815
280.86,0.46917
280.94,0.44287
281.01,0.41852
281.07,0.40142
281.14,0.39056
281.21,0.38302
281.28,0.3821
281.35,0.38975
281.42,0.40259
281.5,0.41404
281.57,0.41951
281.65,0.40911
281.72,0.37617
281.8,0.32605
281.87,0.2701
281.95,0.21655
282.02,0.17194
282.1,0.14007
282.17,0.11938
282.24,0.10508
282.32,0.092616
282.39,0.092833
282.47,0.11661
282.54,0.16501
282.62,0.23461
282.69,0.32292
282.76,0.40591
282.84,0.46174
282.91,0.48648
282.99,0.48607
283.07,0.46631
283.14,0.43996
283.21,0.41893
283.29,0.40516
283.36,0.39572
283.44,0.39197
283.51,0.39725
283.59,0.40774
283.66,0.41684
283.74,0.4209
283.81,0.41051
283.88,0.37714
283.96,0.32566
284.03,0.26881
284.1,0.21392
284.18,0.16706
284.25,0.13427
284.32,0.11402
284.39,0.10017
284.46,0.089489
284.53,0.081939
284.6,0.08942
284.67,0.11961
284.74,0.17391
284.81,0.24801
284.89,0.33816
284.96,0.41693
285.03,0.46756
285.11,0.48765
285.18,0.48404
285.26,0.4615
285.33,0.43519
285.4,0.4142
285.48,0.39952
285.55,0.38914
285.63,0.38779
285.7,0.39596
285.78,0.40884
285.85,0.41989
285.93,0.42452
286,0.40899
286.07,0.36905
286.14,0.3134
286.22,0.25423
286.29,0.19884
286.36,0.15476
286.44,0.12571
286.51,0.10732
286.58,0.094395
286.65,0.083288
286.72,0.081609
286.8,0.10113
286.87,0.14572
286.96,0.21243
287.03,0.2974
287.11,0.38399
287.18,0.44633
287.26,0.47668
287.33,0.47998
287.41,0.46395
287.48,0.43763
287.55,0.41517
287.63,0.40045
287.7,0.39149
287.78,0.38536
287.85,0.38828
287.92,0.39783
287.99,0.40787
288.06,0.41329
288.14,0.41042
288.21,0.385
288.28,0.33905
288.36,0.28491
288.43,0.23091
288.51,0.18119
288.59,0.14421
288.67,0.12031
288.75,0.10332
288.83,0.089956
288.9,0.08647
288.97,0.10412
289.04,0.14639
289.12,0.21176
289.19,0.29588
289.26,0.38253
289.34,0.44686
289.42,0.47964
289.5,0.48388
289.57,0.46781
289.64,0.44148
289.71,0.41804
289.78,0.40234
289.84,0.3929
289.92,0.38584
289.99,0.38639
290.07,0.39455
290.14,0.40506
290.21,0.41236
290.29,0.41323
290.37,0.393
290.45,0.3503
290.53,0.29522
290.6,0.23936
290.67,0.18726
290.74,0.14787
290.82,0.12253
290.89,0.10686
290.96,0.094828
291.04,0.085495
291.11,0.07677
291.19,0.07086
