0,0.008056133,0
0.238,0.06068531,0.000283
0.281,0.07880658,0.000566
0.322,0.097220695,0.000849
0.363,0.112897229,0.001132
0.489,0.125718675,0.001415
0.528,0.137035284,0.001698
0.563,0.148118279,0.001981
0.609,0.16319564,0.002264
0.65,0.174207091,0.002547
0.686,0.184394943,0.00283
0.727,0.195280574,0.003113
0.763,0.20562143,0.003396
0.803,0.215147874,0.003679
0.84,0.223805367,0.003962
0.883,0.232868374,0.004245
0.924,0.241350667,0.004528
0.965,0.250208824,0.004811
1.012,0.259135374,0.005094
1.051,0.267435308,0.005377
1.092,0.276817143,0.00566
1.132,0.285599562,0.005943
1.173,0.294095417,0.006226
1.217,0.302658072,0.006509
1.254,0.311288292,0.006792
1.292,0.320314931,0.007075
1.331,0.328717424,0.007358
1.371,0.337519984,0.007641
1.412,0.346023334,0.007924
1.448,0.354560694,0.008207
1.494,0.362827301,0.00849
1.549,0.371502693,0.008773
1.604,0.379492871,0.009056
1.639,0.387548033,0.009339
1.683,0.395983194,0.009622
1.723,0.403786028,0.009905
1.759,0.411620867,0.010188
1.796,0.419487904,0.010471
1.833,0.427419912,0.010754
1.873,0.435025174,0.011037
1.91,0.442299659,0.01132
1.949,0.450000194,0.011603
1.988,0.457366228,0.011886
2.025,0.464763149,0.012169
2.062,0.472191143,0.012452
2.1,0.479277911,0.012735
2.141,0.48601918,0.013018
2.178,0.493573377,0.013301
2.214,0.501191839,0.013584
2.252,0.508842731,0.013867
2.289,0.515729026,0.01415
2.325,0.523060764,0.014433
2.363,0.530843393,0.014716
2.416,0.538270153,0.014999
2.451,0.545728984,0.015282
2.492,0.552795317,0.015565
2.529,0.560351566,0.015848
2.567,0.567940697,0.016131
2.607,0.575130851,0.016414
2.716,0.582786369,0.016697
2.762,0.590475397,0.01698
2.801,0.597760482,0.017263
2.836,0.604670305,0.017546
2.872,0.610760413,0.017829
2.91,0.617762481,0.018112
2.948,0.625209852,0.018395
2.99,0.632274406,0.018678
3.028,0.638951093,0.018961
3.067,0.645657755,0.019244
3.102,0.652849718,0.019527
3.144,0.660041681,0.01981
3.188,0.666870201,0.020093
3.228,0.673268498,0.020376
3.285,0.680127981,0.020659
3.335,0.686584708,0.020942
3.377,0.693070939,0.021225
3.421,0.700024533,0.021508
3.464,0.706540461,0.021791
3.503,0.71352584,0.022074
3.547,0.719658378,0.022357
3.586,0.726295073,0.02264
3.622,0.732484525,0.022923
3.66,0.738702719,0.023206
3.695,0.744949846,0.023489
3.739,0.750770969,0.023772
3.799,0.756592091,0.024055
3.857,0.762468031,0.024338
3.899,0.768832845,0.024621
3.934,0.774736472,0.024904
3.972,0.780667972,0.025187
4.014,0.786627535,0.02547
4.057,0.792615351,0.025753
4.094,0.798603167,0.026036
4.135,0.804619428,0.026319
4.173,0.810664328,0.026602
4.207,0.81575977,0.026885
4.245,0.821357712,0.027168
4.283,0.826982542,0.027451
4.318,0.832127279,0.027734
4.355,0.837296917,0.028017
4.401,0.842976083,0.0283
4.448,0.847684138,0.028583
4.484,0.85190332,0.028866
4.52,0.856634406,0.029149
4.557,0.86138868,0.029432
4.594,0.865135307,0.029715
4.636,0.869417316,0.029998
4.672,0.873699326,0.030281
4.709,0.87800257,0.030564
4.745,0.881805625,0.030847
4.781,0.886130252,0.03113
4.819,0.891002924,0.031413
4.858,0.89537077,0.031696
4.922,0.900267621,0.031979
4.996,0.904657304,0.032262
5.034,0.909068979,0.032545
5.073,0.913480653,0.032828
5.115,0.918426378,0.033111
5.151,0.9228602,0.033394
5.19,0.927316326,0.033677
5.231,0.932825914,0.03396
5.27,0.937304502,0.034243
5.304,0.942324844,0.034526
5.341,0.947370413,0.034809
5.38,0.951871625,0.035092
5.419,0.956395621,0.035375
5.47,0.959869073,0.035658
5.511,0.963889506,0.035941
5.553,0.967930556,0.036224
5.594,0.971971606,0.036507
5.642,0.975481137,0.03679
5.68,0.979542953,0.037073
5.719,0.983070718,0.037356
5.76,0.98715345,0.037639
5.798,0.991257248,0.037922
5.84,0.993709247,0.038205
5.882,0.997834266,0.038488
5.93,1.000857144,0.038771
5.971,1.003335665,0.039054
6.021,1.006358544,0.039337
6.108,1.009397452,0.03962
6.147,1.01243636,0.039903
6.186,1.015491414,0.040186
6.222,1.017433718,0.040469
6.261,1.019939149,0.040752
6.302,1.023010467,0.041035
6.338,1.026098169,0.041318
6.379,1.028617202,0.041601
6.416,1.031149938,0.041884
6.458,1.033125007,0.042167
6.5,1.036784178,0.04245
6.539,1.038198861,0.042733
6.575,1.0407454,0.043016
6.62,1.043866231,0.043299
6.666,1.04641277,0.043582
6.707,1.049550348,0.043865
6.751,1.0515365,0.044148
6.787,1.054110952,0.044431
6.825,1.057828529,0.044714
6.864,1.060982979,0.044997
6.916,1.063571542,0.04528
6.953,1.066174321,0.045563
6.998,1.069345768,0.045846
7.041,1.071948547,0.046129
7.08,1.074551326,0.046412
7.14,1.076582636,0.046695
7.202,1.07860253,0.046978
7.255,1.081219631,0.047261
7.297,1.083262441,0.047544
7.333,1.085879542,0.047827
7.371,1.086759425,0.04811
7.407,1.089965247,0.048393
7.448,1.091430921,0.048676
7.488,1.091730806,0.048959
7.527,1.092616482,0.049242
7.561,1.093502158,0.049525
7.6,1.09439367,0.049808
7.64,1.095876853,0.050091
7.676,1.097360037,0.050374
7.716,1.098251549,0.050657
7.751,1.099734732,0.05094
7.787,1.1018008,0.051223
7.825,1.102106521,0.051506
7.865,1.103003913,0.051789
7.906,1.103901305,0.052072
7.942,1.105384488,0.052355
7.983,1.106287805,0.052638
8.022,1.107185197,0.052921
8.059,1.109263025,0.053204
8.099,1.110755062,0.053487
8.138,1.111652454,0.05377
8.172,1.11255577,0.054053
8.219,1.113465055,0.054336
8.305,1.11437434,0.054619
8.366,1.115277656,0.054902
8.406,1.116186941,0.055185
8.443,1.117096226,0.055468
8.484,1.118597183,0.055751
8.522,1.119506468,0.056034
8.561,1.120415753,0.056317
8.606,1.121925697,0.0566
8.65,1.122240337,0.056883
8.691,1.123149623,0.057166
8.73,1.123464263,0.057449
8.772,1.124379562,0.057732
8.813,1.125288847,0.058015
8.854,1.126204146,0.058298
8.899,1.126521805,0.058581
8.938,1.127443164,0.058864
8.984,1.128962163,0.059147
9.025,1.129279822,0.05943
9.083,1.129597481,0.059713
9.131,1.13051884,0.059996
9.174,1.131440199,0.060279
9.224,1.132361558,0.060562
9.267,1.132078558,0.060845
9.309,1.132999917,0.061128
9.349,1.133921275,0.061411
9.399,1.134842634,0.061694
9.443,1.135770099,0.061977
9.49,1.137298222,0.06226
9.53,1.137618923,0.062543
9.564,1.138546387,0.062826
9.606,1.138263387,0.063109
9.643,1.138587152,0.063392
9.681,1.138907852,0.063675
9.723,1.139228552,0.063958
9.758,1.139552316,0.064241
9.793,1.139876081,0.064524
9.832,1.140199846,0.064807
9.868,1.140520546,0.06509
9.904,1.14084431,0.065373
9.942,1.141168075,0.065656
9.98,1.140885075,0.065939
10.022,1.140602075,0.066222
10.057,1.140319075,0.066505
10.098,1.141252692,0.066788
10.14,1.140969692,0.067071
10.185,1.141293456,0.067354
10.219,1.141010456,0.067637
10.262,1.141708989,0.067545232
10.299,1.141800757,0.067453464
10.336,1.141892525,0.067361696
10.373,1.141984292,0.067269928
10.41,1.14207606,0.067178161
10.449,1.142774593,0.067086393
10.505,1.142259596,0.066994625
10.58,1.141744599,0.066902857
10.626,1.142443132,0.066811089
10.668,1.1425349,0.066719321
10.714,1.142626668,0.066627553
10.749,1.142108583,0.066535785
10.791,1.141593586,0.066444018
10.829,1.141685354,0.06635225
10.865,1.141170358,0.066260482
10.904,1.140655361,0.066168714
10.938,1.141353893,0.066076946
10.975,1.141445661,0.065985178
11.01,1.141537429,0.06589341
11.048,1.141022432,0.065801642
11.086,1.140507436,0.065709875
11.122,1.141205968,0.065618107
11.16,1.141297736,0.065526339
11.201,1.141389504,0.065434571
11.245,1.140874507,0.065342803
11.281,1.141576128,0.065251035
11.317,1.141061131,0.065159267
11.354,1.141152899,0.065067499
11.391,1.140637902,0.064975731
11.43,1.14012597,0.064883964
11.465,1.140217738,0.064792196
11.498,1.139099041,0.064700428
11.533,1.138584044,0.06460866
11.578,1.137465348,0.064516892
11.641,1.136953415,0.064425124
11.708,1.136441483,0.064333356
11.745,1.135926486,0.064241588
11.781,1.136018254,0.064149821
11.815,1.135503258,0.064058053
11.852,1.135595025,0.063966285
11.892,1.133866476,0.063874517
11.93,1.133354544,0.063782749
11.966,1.133446312,0.063690981
12.007,1.13353808,0.063599213
12.042,1.133629848,0.063507445
12.086,1.133721616,0.063415678
12.124,1.133212725,0.06332391
12.163,1.132700792,0.063232142
12.205,1.13279256,0.063140374
12.24,1.132884328,0.063048606
12.279,1.132375437,0.062956838
12.315,1.131262846,0.06286507
12.366,1.130150255,0.062773302
12.408,1.129638323,0.062681534
12.455,1.127928092,0.062589767
12.496,1.12682156,0.062497999
12.534,1.126312669,0.062406231
12.577,1.124602438,0.062314463
12.618,1.122892207,0.062222695
12.657,1.121191031,0.062130927
12.705,1.119480799,0.062039159
12.776,1.118974927,0.061947391
12.834,1.117868395,0.061855624
12.875,1.116167219,0.061763856
12.913,1.115060688,0.061672088
12.953,1.114554816,0.06158032
12.995,1.113454298,0.061488552
13.036,1.112948426,0.061396784
13.078,1.11124725,0.061305016
13.114,1.110744373,0.061213248
13.153,1.110836141,0.061121481
13.193,1.109735624,0.061029713
13.23,1.109232747,0.060937945
13.268,1.108138198,0.060846177
13.304,1.108229966,0.060754409
13.341,1.107135418,0.060662641
13.38,1.10604087,0.060570873
13.421,1.104357601,0.060479105
13.463,1.103268977,0.060387337
13.499,1.101585708,0.06029557
13.535,1.099902439,0.060203802
13.571,1.098813815,0.060112034
13.623,1.097719267,0.060020266
13.668,1.096630643,0.059928498
13.707,1.095542018,0.05983673
13.742,1.09385875,0.059744962
13.78,1.092770126,0.059653194
13.853,1.091681501,0.059561427
13.948,1.091184549,0.059469659
13.99,1.090095925,0.059377891
14.03,1.089598972,0.059286123
14.068,1.088516228,0.059194355
14.103,1.088022204,0.059102587
14.142,1.087528181,0.059010819
14.18,1.087034157,0.058919051
14.221,1.085957249,0.058827284
14.256,1.084880341,0.058735516
14.293,1.083214712,0.058643748
14.329,1.082720688,0.05855198
14.387,1.08164378,0.058460212
14.428,1.080566872,0.058368444
14.468,1.078909965,0.058276676
14.511,1.077833057,0.058184908
14.568,1.076176151,0.05809314
14.603,1.074519244,0.058001373
14.641,1.072862337,0.057909605
14.687,1.071791221,0.057817837
14.729,1.070142971,0.057726069
14.781,1.069071856,0.057634301
14.82,1.067423606,0.057542533
14.859,1.066358241,0.057450765
14.904,1.064718583,0.057358997
14.976,1.063653218,0.05726723
15.04,1.061430676,0.057175462
15.08,1.059791019,0.057083694
15.119,1.058151362,0.056991926
15.159,1.057665995,0.056900158
15.197,1.056600629,0.05680839
15.23,1.055540971,0.056716622
15.268,1.054481313,0.056624854
15.311,1.053421654,0.056533087
15.353,1.052361996,0.056441319
15.39,1.051308003,0.056349551
15.426,1.049676875,0.056257783
15.462,1.049194351,0.056166015
15.501,1.048711827,0.056074247
15.538,1.048803595,0.055982479
15.575,1.048321071,0.055890711
15.614,1.04784137,0.055798943
15.651,1.047361668,0.055707176
15.691,1.046881967,0.055615408
15.728,1.045259305,0.05552364
15.767,1.043636644,0.055431872
15.804,1.042588274,0.055340104
15.84,1.041539904,0.055248336
15.878,1.039925646,0.055156568
15.918,1.038311389,0.0550648
15.954,1.037268601,0.054973033
15.996,1.036225814,0.054881265
16.034,1.034611556,0.054789497
16.122,1.032997299,0.054697729
16.177,1.030819915,0.054605961
16.214,1.029205657,0.054514193
16.255,1.02816287,0.054422425
16.293,1.027120082,0.054330657
16.329,1.025514167,0.05423889
16.366,1.02447692,0.054147122
16.408,1.022879287,0.054055354
16.446,1.021281654,0.053963586
16.479,1.01968402,0.053871818
16.517,1.018652275,0.05378005
16.554,1.017062862,0.053688282
16.594,1.016031116,0.053596514
16.633,1.014999371,0.053504746
16.673,1.013967625,0.053412979
16.715,1.012935879,0.053321211
16.753,1.011909594,0.053229443
16.798,1.009765215,0.053137675
16.837,1.008175803,0.053045907
16.875,1.006031425,0.052954139
16.918,1.003897889,0.052862371
16.96,1.002316638,0.052770603
17.019,1.000743489,0.052678836
17.058,0.999170339,0.052587068
17.099,0.99759719,0.0524953
17.172,0.996024041,0.052403532
17.249,0.995008558,0.052311764
17.294,0.993987694,0.052219996
17.336,0.992414544,0.052128228
17.377,0.990841395,0.05203646
17.415,0.988718623,0.051944693
17.453,0.986606536,0.051852925
17.493,0.985596396,0.051761157
17.545,0.983484309,0.051669389
17.581,0.981927188,0.051577621
17.616,0.980922352,0.051485853
17.655,0.97936523,0.051394085
17.694,0.978360394,0.051302317
17.734,0.977355558,0.051210549
17.771,0.975264612,0.051118782
17.81,0.974259775,0.051027014
17.85,0.972710582,0.050935246
17.888,0.971153461,0.050843478
17.927,0.969604267,0.05075171
17.969,0.968055074,0.050659942
18.006,0.96651375,0.050568174
18.049,0.965519408,0.050476406
18.086,0.963978085,0.050384639
18.12,0.962983743,0.050292871
18.16,0.9619894,0.050201103
18.203,0.960995058,0.050109335
18.243,0.959461549,0.050017567
18.321,0.957928039,0.049925799
18.397,0.95639453,0.049834031
18.439,0.955947131,0.049742263
18.475,0.954413622,0.049650496
18.511,0.95288787,0.049558728
18.549,0.951354361,0.04946696
18.588,0.950365209,0.049375192
18.628,0.948839458,0.049283424
18.662,0.94785546,0.049191656
18.696,0.946871461,0.049099888
18.739,0.945887463,0.04900812
18.78,0.944903464,0.048916352
18.819,0.943385415,0.048824585
18.857,0.942401417,0.048732817
18.895,0.940891016,0.048641049
18.929,0.939912134,0.048549281
18.966,0.938933252,0.048457513
19.01,0.937422851,0.048365745
19.047,0.93591245,0.048273977
19.09,0.934938649,0.048182209
19.128,0.932899241,0.048090442
19.163,0.930859834,0.047998674
19.204,0.929357026,0.047906906
19.243,0.927327708,0.047815138
19.286,0.925298389,0.04772337
19.324,0.923795581,0.047631602
19.384,0.921766263,0.047539834
19.456,0.920270995,0.047448066
19.522,0.918241676,0.047356299
19.567,0.916753894,0.047264531
19.604,0.914734592,0.047172763
19.653,0.912715291,0.047080995
19.69,0.910705936,0.046989227
19.727,0.908696581,0.046897459
19.77,0.906687226,0.046805691
19.811,0.905206877,0.046713923
19.852,0.903726528,0.046622155
19.886,0.902246179,0.046530388
19.923,0.901292341,0.04643862
19.962,0.900338503,0.046346852
20.004,0.898339024,0.046255084
20.057,0.897385186,0.046163316
20.094,0.895912218,0.046071548
20.128,0.89443925,0.04597978
20.161,0.893490315,0.045888012
20.194,0.892024676,0.045796245
20.231,0.890559037,0.045704477
20.275,0.889614971,0.045612709
20.315,0.888670904,0.045520941
20.354,0.887726838,0.045429173
20.394,0.886782772,0.045337405
20.427,0.885324411,0.045245637
20.465,0.884380345,0.045153869
20.512,0.882921984,0.045062102
20.604,0.881977917,0.044970334
20.654,0.880526783,0.044878566
20.691,0.879068422,0.044786798
20.726,0.877617287,0.04469503
20.762,0.876166153,0.044603262
20.807,0.874715018,0.044511494
20.845,0.87327106,0.044419726
20.887,0.871827102,0.044327958
20.925,0.870383144,0.044236191
20.967,0.869448713,0.044144423
21.01,0.867497586,0.044052655
21.053,0.866053628,0.043960887
21.094,0.864616796,0.043869119
21.128,0.863172838,0.043777351
21.164,0.862243175,0.043685583
21.202,0.860799217,0.043593815
21.24,0.860381457,0.043502048
21.277,0.858944626,0.04341028
21.312,0.857514871,0.043318512
21.351,0.856085116,0.043226744
21.387,0.854152861,0.043134976
21.428,0.852730135,0.043043208
21.467,0.850807218,0.04295144
21.51,0.849384491,0.042859672
21.545,0.846952047,0.042767905
21.584,0.8455363,0.042676137
21.631,0.843613383,0.042584369
21.732,0.842197636,0.042492601
21.771,0.840774909,0.042400833
21.817,0.838851992,0.042309065
21.861,0.836929076,0.042217297
21.91,0.834508265,0.042125529
21.953,0.833092517,0.042033761
22.011,0.831683701,0.041941994
22.051,0.830772779,0.041850226
22.087,0.829866463,0.041758458
22.123,0.828960146,0.04166669
22.165,0.828554019,0.041574922
22.202,0.827647702,0.041483154
22.255,0.827241575,0.041391386
22.292,0.826835448,0.041299618
22.328,0.825933705,0.041207851
22.364,0.825031961,0.041116083
22.402,0.823136675,0.041024315
22.435,0.822234931,0.040932547
22.475,0.821333188,0.040840779
22.515,0.819944881,0.040749011
22.556,0.818058678,0.040657243
22.595,0.816670371,0.040565475
22.636,0.814784169,0.040473708
22.677,0.812906988,0.04038194
22.713,0.811029808,0.040290172
22.782,0.809152627,0.040198404
22.858,0.807275446,0.040106636
22.892,0.805398266,0.040014868
22.933,0.803521085,0.0399231
22.97,0.802139521,0.039831332
23.009,0.800757957,0.039739564
23.05,0.799383089,0.039647797
23.087,0.797030415,0.039556029
23.128,0.795162194,0.039464261
23.168,0.793793979,0.039372493
23.21,0.792425763,0.039280725
23.249,0.791057547,0.039188957
23.293,0.789689331,0.039097189
23.33,0.788809989,0.039005421
23.37,0.787448379,0.038913654
23.409,0.786569037,0.038821886
23.445,0.785207427,0.038730118
23.492,0.783365723,0.03863835
23.534,0.781524019,0.038546582
23.585,0.78016241,0.038454814
23.624,0.778320706,0.038363046
23.664,0.776965658,0.038271278
23.708,0.775617127,0.038179511
23.747,0.774262079,0.038087743
23.783,0.773391486,0.037995975
23.82,0.772042955,0.037904207
23.884,0.770694425,0.037812439
23.946,0.769345894,0.037720671
23.989,0.767997363,0.037628903
24.024,0.766655306,0.037537135
24.066,0.764830982,0.037445367
24.101,0.763488925,0.0373536
24.14,0.762153297,0.037261832
24.181,0.76081767,0.037170064
24.22,0.759001947,0.037078296
24.263,0.758139985,0.036986528
24.3,0.756804357,0.03689476
24.346,0.755946667,0.036802992
24.384,0.754611039,0.036711224
24.427,0.753275412,0.036619457
24.466,0.752417721,0.036527689
24.508,0.75156003,0.036435921
24.545,0.75070234,0.036344153
24.584,0.749844649,0.036252385
24.624,0.749462752,0.036160617
24.663,0.748609305,0.036068849
24.701,0.747755858,0.035977081
24.736,0.746906626,0.035885314
24.776,0.746057393,0.035793546
24.814,0.744740798,0.035701778
24.857,0.742950537,0.03561001
24.897,0.742101305,0.035518242
24.939,0.741252073,0.035426474
25.022,0.739935477,0.035334706
25.08,0.739086245,0.035242938
25.117,0.73776965,0.03515117
25.157,0.736453054,0.035059403
25.191,0.735136458,0.034967635
25.227,0.733354572,0.034875867
25.268,0.732037977,0.034784099
25.307,0.73072764,0.034692331
25.346,0.729417304,0.034600563
25.389,0.728576418,0.034508795
25.429,0.7272723,0.034417027
25.465,0.726435545,0.03432526
25.502,0.72559879,0.034233492
25.542,0.724294672,0.034141724
25.58,0.722529366,0.034049956
25.622,0.721231425,0.033958188
25.659,0.71946612,0.03386642
25.699,0.718168178,0.033774652
25.74,0.717331423,0.033682884
25.78,0.716494668,0.033591117
25.818,0.715202862,0.033499349
25.86,0.712988628,0.033407581
25.903,0.711239685,0.033315813
25.949,0.709947879,0.033224045
25.992,0.708656073,0.033132277
26.028,0.707370362,0.033040509
26.074,0.706084651,0.032948741
26.129,0.70479894,0.032856973
26.189,0.703058097,0.032765206
26.223,0.701778441,0.032673438
26.267,0.700498785,0.03258167
26.301,0.699219129,0.032489902
26.339,0.697486332,0.032398134
26.377,0.695292349,0.032306366
26.415,0.693098366,0.032214598
26.457,0.692277866,0.03212283
26.497,0.691461361,0.032031063
26.542,0.690644857,0.031939295
26.582,0.689371216,0.031847527
26.622,0.687646414,0.031755759
26.667,0.68682991,0.031663991
26.71,0.685562244,0.031572223
26.749,0.683845383,0.031480455
26.789,0.682583654,0.031388687
26.841,0.681321926,0.03129692
26.881,0.680060197,0.031205152
26.922,0.678798468,0.031113384
26.965,0.677989879,0.031021616
27.005,0.676734047,0.030929848
27.047,0.675478216,0.03083808
27.084,0.673769245,0.030746312
27.124,0.672068111,0.030654544
27.16,0.670366978,0.030562776
27.211,0.668665844,0.030471009
27.277,0.667415872,0.030379241
27.32,0.665714739,0.030287473
27.362,0.664021392,0.030195705
27.403,0.662777241,0.030103937
27.439,0.66153309,0.030012169
27.476,0.660288939,0.029920401
27.518,0.659044788,0.029828633
27.559,0.657800636,0.029736866
27.595,0.656556485,0.029645098
27.638,0.655318117,0.02955333
27.679,0.65407975,0.029461562
27.721,0.652841382,0.029369794
27.759,0.65160876,0.029278026
27.799,0.650376138,0.029186258
27.839,0.649583072,0.02909449
27.875,0.64835045,0.029002723
27.911,0.647117828,0.028910955
27.952,0.64632858,0.028819187
27.992,0.645101667,0.028727419
28.033,0.643874753,0.028635651
28.071,0.64264784,0.028543883
28.108,0.640985139,0.028452115
28.143,0.639322438,0.028360347
28.181,0.637659737,0.028268579
28.217,0.636438496,0.028176812
28.257,0.635217254,0.028085044
28.307,0.6344318,0.027993276
28.379,0.633650115,0.027901508
28.427,0.632868429,0.02780974
28.464,0.631647188,0.027717972
28.501,0.630865502,0.027626204
28.542,0.629649896,0.027534436
28.584,0.62843429,0.027442669
28.624,0.627656349,0.027350901
28.666,0.626446342,0.027259133
28.711,0.625236334,0.027167365
28.752,0.624462115,0.027075597
28.797,0.623687895,0.026983829
28.84,0.622913675,0.026892061
28.882,0.621709231,0.026800293
28.921,0.620504787,0.026708526
28.959,0.618864555,0.026616758
29,0.617660111,0.02652499
29.039,0.616027274,0.026433222
29.082,0.614394436,0.026341454
29.121,0.612761599,0.026249686
29.157,0.611562682,0.026157918
29.193,0.609937191,0.02606615
29.23,0.608738275,0.025974382
29.268,0.607544851,0.025882615
29.306,0.606351426,0.025790847
29.344,0.605158002,0.025699079
29.385,0.603539811,0.025607311
29.465,0.60192162,0.025515543
29.549,0.600733654,0.025423775
29.585,0.599970454,0.025332007
29.623,0.599207254,0.025240239
29.663,0.597596316,0.025148472
29.699,0.596836743,0.025056704
29.733,0.595654199,0.024964936
29.776,0.594894625,0.024873168
29.816,0.594135052,0.0247814
29.859,0.593379082,0.024689632
29.902,0.592196538,0.024597864
29.939,0.591440568,0.024506096
29.982,0.590684598,0.024414329
30.025,0.589928629,0.024322561
30.066,0.58917624,0.024230793
30.101,0.588845037,0.024139025
30.142,0.588092648,0.024047257
30.18,0.586915492,0.023955489
30.217,0.585318923,0.023863721
30.258,0.584570092,0.023771953
30.296,0.58339829,0.023680185
30.331,0.582231809,0.023588418
30.383,0.581060007,0.02349665
30.423,0.579470555,0.023404882
30.473,0.578304074,0.023313114
30.509,0.577137592,0.023221346
30.611,0.575555212,0.023129578
30.676,0.57438873,0.02303781
30.711,0.57280635,0.022946042
30.75,0.571645155,0.022854275
30.793,0.570478674,0.022762507
30.834,0.569317479,0.022670739
30.873,0.567742125,0.022578971
30.914,0.566173754,0.022487203
30.951,0.565017813,0.022395435
30.996,0.563861872,0.022303667
31.042,0.562711152,0.022211899
31.081,0.561142781,0.022120132
31.118,0.559581349,0.022028364
31.16,0.558430629,0.021936596
31.2,0.556869197,0.021844828
31.24,0.555723664,0.02175306
31.277,0.554162232,0.021661292
31.318,0.5530167,0.021569524
31.361,0.551871167,0.021477756
31.402,0.550309735,0.021385988
31.443,0.548755199,0.021294221
31.478,0.547614822,0.021202453
31.516,0.546479568,0.021110685
31.554,0.544931885,0.021018917
31.594,0.543791507,0.020927149
31.64,0.54306356,0.020835381
31.729,0.542335613,0.020743613
31.794,0.541611071,0.020651845
31.83,0.540475817,0.020560078
31.866,0.539345655,0.02046831
31.904,0.538215492,0.020376542
31.946,0.53749095,0.020284774
31.987,0.536360787,0.020193006
32.022,0.535230625,0.020101238
32.063,0.533696519,0.02000947
32.101,0.532571416,0.019917702
32.139,0.531446314,0.019825935
32.182,0.530728518,0.019734167
32.221,0.530010722,0.019642399
32.263,0.528885619,0.019550631
32.303,0.527358238,0.019458863
32.343,0.526233136,0.019367095
32.382,0.525113062,0.019275327
32.421,0.523992988,0.019183559
32.461,0.523278533,0.019091791
32.498,0.522564079,0.019000024
32.536,0.521444005,0.018908256
32.571,0.520328928,0.018816488
32.608,0.519213852,0.01872472
32.648,0.518502719,0.018632952
32.685,0.517392608,0.018541184
32.723,0.516282498,0.018449416
32.756,0.515571365,0.018357648
32.842,0.514461255,0.018265881
32.905,0.513351144,0.018174113
32.947,0.512643312,0.018082345
32.986,0.511533202,0.017990577
33.022,0.510428027,0.017898809
33.058,0.509322853,0.017807041
33.097,0.508217679,0.017715273
33.14,0.506716787,0.017623505
33.178,0.505215895,0.017531738
33.221,0.504115627,0.01743997
33.259,0.503015358,0.017348202
33.305,0.501915089,0.017256434
33.342,0.500819695,0.017164666
33.389,0.499724302,0.017072898
33.428,0.498229931,0.01698113
33.471,0.496742041,0.016889362
33.509,0.495646648,0.016797594
33.547,0.494551254,0.016705827
33.587,0.493063364,0.016614059
33.627,0.491972816,0.016522291
33.668,0.490882268,0.016430523
33.705,0.489400819,0.016338755
33.738,0.488705989,0.016246987
33.781,0.487620257,0.016155219
33.817,0.486534525,0.016063451
33.854,0.485448793,0.015971684
33.9,0.484363061,0.015879916
33.965,0.483671431,0.015788148
34.026,0.482979801,0.01569638
34.063,0.482288171,0.015604612
34.099,0.481599723,0.015512844
34.142,0.480518778,0.015421076
34.176,0.479437832,0.015329308
34.213,0.478361645,0.015237541
34.25,0.477285457,0.015145773
34.288,0.476597008,0.015054005
34.33,0.475911722,0.014962237
34.374,0.474835534,0.014870469
34.416,0.474150247,0.014778701
34.452,0.473464961,0.014686933
34.489,0.472393502,0.014595165
34.528,0.471708215,0.014503397
34.566,0.470636756,0.01441163
34.603,0.469180681,0.014319862
34.64,0.468109222,0.014228094
34.678,0.467042463,0.014136326
34.713,0.466360319,0.014044558
34.754,0.465678175,0.01395279
34.791,0.464616088,0.013861022
34.828,0.463937068,0.013769254
34.865,0.462487241,0.013677487
34.902,0.461808221,0.013585719
34.939,0.460746133,0.013493951
34.975,0.459302516,0.013402183
35.012,0.458240429,0.013310415
35.079,0.457564513,0.013218647
35.159,0.456502426,0.013126879
35.2,0.455444981,0.013035111
35.242,0.455153682,0.012943344
35.278,0.454096237,0.012851576
35.316,0.453423408,0.012759808
35.362,0.452365964,0.01266804
35.404,0.45130852,0.012576272
35.444,0.451018758,0.012484504
35.485,0.449965929,0.012392736
35.521,0.449296168,0.012300968
35.558,0.448243339,0.0122092
35.598,0.447573578,0.012117433
35.636,0.447285345,0.012025665
35.672,0.446237104,0.011933897
35.71,0.445188863,0.011842129
35.746,0.444140621,0.011750361
35.786,0.443473909,0.011658593
35.82,0.442425668,0.011566825
35.863,0.441381986,0.011475057
35.904,0.440338305,0.01138329
35.939,0.439294624,0.011291522
35.975,0.438627911,0.011199754
36.011,0.437208763,0.011107986
36.053,0.436169614,0.011016218
36.093,0.435130466,0.01092445
36.127,0.434091317,0.010832682
36.199,0.432678194,0.010740914
36.271,0.431639046,0.010649147
36.311,0.430604403,0.010557379
36.356,0.429943734,0.010465611
36.396,0.428909091,0.010373843
36.44,0.427874448,0.010282075
36.478,0.426839805,0.010190307
36.516,0.426182132,0.010098539
36.553,0.425524458,0.010006771
36.599,0.424494294,0.009915003
36.644,0.423087161,0.009823236
36.688,0.422432464,0.009731468
36.73,0.421777767,0.0096397
36.767,0.42112307,0.009547932
36.802,0.420468373,0.009456164
36.84,0.419816636,0.009364396
36.878,0.418790924,0.009272628
36.919,0.418139186,0.00918086
36.959,0.417113474,0.009089093
37.003,0.416092188,0.008997325
37.053,0.415070902,0.008905557
37.089,0.414049616,0.008813789
37.125,0.413028329,0.008722021
37.163,0.411638952,0.008630253
37.206,0.410990156,0.008538485
37.252,0.40997327,0.008446717
37.329,0.408956383,0.00835495
37.404,0.407572854,0.008263182
37.441,0.406189326,0.008171414
37.478,0.404805797,0.008079646
37.52,0.403793284,0.007987878
37.565,0.402780771,0.00789611
37.607,0.401403056,0.007804342
37.648,0.400025342,0.007712574
37.688,0.399017176,0.007620806
37.728,0.39800901,0.007529039
37.766,0.396637076,0.007437271
37.807,0.39562891,0.007345503
37.847,0.394988835,0.007253735
37.887,0.3936169,0.007161967
37.924,0.392613057,0.007070199
37.962,0.391609213,0.006978431
38,0.390972011,0.006886663
38.042,0.390334809,0.006794896
38.085,0.389335262,0.006703128
38.128,0.388698059,0.00661136
38.167,0.387698512,0.006519592
38.209,0.386703236,0.006427824
38.253,0.38570796,0.006336056
38.295,0.384712684,0.006244288
38.334,0.383717409,0.00615252
38.373,0.383085902,0.006060753
38.428,0.382090626,0.005968985
38.522,0.380735827,0.005877217
38.561,0.379744798,0.005785449
38.602,0.378753768,0.005693681
38.644,0.377762738,0.005601913
38.686,0.376771709,0.005510145
38.728,0.375422555,0.005418377
38.769,0.374435747,0.005326609
38.809,0.373086594,0.005234842
38.848,0.372099786,0.005143074
38.893,0.371473907,0.005051306
38.929,0.370491296,0.004959538
38.97,0.369508685,0.00486777
39.007,0.368526073,0.004776002
39.043,0.367543462,0.004684234
39.085,0.366560851,0.004592466
39.121,0.365937762,0.004500699
39.157,0.364959323,0.004408931
39.194,0.363980884,0.004317163
39.235,0.363357795,0.004225395
39.273,0.362025381,0.004133627
39.312,0.36105109,0.004041859
39.35,0.360076799,0.003950091
39.395,0.359102508,0.003858323
39.428,0.358128218,0.003766556
39.466,0.357153927,0.003674788
39.503,0.356536369,0.00358302
39.572,0.355918811,0.003491252
39.625,0.354948644,0.003399484
39.663,0.353978477,0.003307716
39.702,0.353008311,0.003215948
39.74,0.352038144,0.00312418
39.776,0.351423327,0.003032412
39.813,0.350457261,0.002940645
39.851,0.349135844,0.002848877
39.888,0.348523753,0.002757109
39.927,0.347911662,0.002665341
39.967,0.346949672,0.002573573
40.007,0.345987682,0.002481805
40.047,0.34537559,0.002390037
40.1,0.3444136,0.002298269
40.153,0.34345161,0.002206502
40.19,0.342141064,0.002114734
40.228,0.340490014,0.002022966
40.263,0.338838964,0.001931198
40.302,0.337187913,0.00183943
40.344,0.33519229,0.001747662
40.39,0.333196668,0.001655894
40.432,0.331552295,0.001564126
40.468,0.329907922,0.001472359
40.511,0.32826355,0.001380591
40.552,0.326619177,0.001288823
40.594,0.325669276,0.001197055
40.646,0.324374802,0.001105287
40.723,0.323075002,0.001013519
40.775,0.322125101,0.000921751
40.811,0.3211752,0.000829983
40.853,0.320229282,0.000738215
40.895,0.319976477,0.000646448
40.932,0.320068245,0.00055468
40.972,0.320160013,0.000462912
